TIME,ENERGY
2024-01-01 00:00:00,5195.1
2024-01-01 01:00:00,5066.0
2024-01-01 02:00:00,4960.2
2024-01-01 03:00:00,5059.6
2024-01-01 04:00:00,4800.0
2024-01-01 05:00:00,4655.5
2024-01-01 06:00:00,4617.3
2024-01-01 07:00:00,4679.5
2024-01-01 08:00:00,4742.9
2024-01-01 09:00:00,4930.8
2024-01-01 10:00:00,5347.3
2024-01-01 11:00:00,5560.0
2024-01-01 12:00:00,6351.7
2024-01-01 13:00:00,6445.0
2024-01-01 14:00:00,6121.8
2024-01-01 15:00:00,6080.1
2024-01-01 16:00:00,5773.9
2024-01-01 17:00:00,5928.3
2024-01-01 18:00:00,5878.1
2024-01-01 19:00:00,6351.6
2024-01-01 20:00:00,6476.0
2024-01-01 21:00:00,6446.4
2024-01-01 22:00:00,6408.6
2024-01-01 23:00:00,6560.9
2024-01-02 00:00:00,6433.7
2024-01-02 01:00:00,6462.9
2024-01-02 02:00:00,6379.5
2024-01-02 03:00:00,6478.1
2024-01-02 04:00:00,6725.9
2024-01-02 05:00:00,6372.0
2024-01-02 06:00:00,5426.8
2024-01-02 07:00:00,5499.8
2024-01-02 08:00:00,5728.5
2024-01-02 09:00:00,6364.4
2024-01-02 10:00:00,7327.1
2024-01-02 11:00:00,7477.3
2024-01-02 12:00:00,7691.1
2024-01-02 13:00:00,7820.5
2024-01-02 14:00:00,7745.2
2024-01-02 15:00:00,7803.3
2024-01-02 16:00:00,7806.6
2024-01-02 17:00:00,7694.7
2024-01-02 18:00:00,7627.0
2024-01-02 19:00:00,8015.9
2024-01-02 20:00:00,8170.8
2024-01-02 21:00:00,8484.0
2024-01-02 22:00:00,8255.1
2024-01-02 23:00:00,7989.3
2024-01-03 00:00:00,7230.5
2024-01-03 01:00:00,6930.2
2024-01-03 02:00:00,6593.1
2024-01-03 03:00:00,6265.3
2024-01-03 04:00:00,6124.1
2024-01-03 05:00:00,6056.5
2024-01-03 06:00:00,5757.0
2024-01-03 07:00:00,5787.5
2024-01-03 08:00:00,5852.9
2024-01-03 09:00:00,6744.3
2024-01-03 10:00:00,6874.8
2024-01-03 11:00:00,6984.3
2024-01-03 12:00:00,7034.6
2024-01-03 13:00:00,6938.6
2024-01-03 14:00:00,6862.3
2024-01-03 15:00:00,6941.7
2024-01-03 16:00:00,6979.7
2024-01-03 17:00:00,7539.8
2024-01-03 18:00:00,7869.5
2024-01-03 19:00:00,8169.5
2024-01-03 20:00:00,8178.4
2024-01-03 21:00:00,8068.2
2024-01-03 22:00:00,7494.7
2024-01-03 23:00:00,6881.8
2024-01-04 00:00:00,6204.5
2024-01-04 01:00:00,5812.0
2024-01-04 02:00:00,5392.1
2024-01-04 03:00:00,5101.3
2024-01-04 04:00:00,4967.3
2024-01-04 05:00:00,4934.6
2024-01-04 06:00:00,4978.1
2024-01-04 07:00:00,5347.8
2024-01-04 08:00:00,6096.2
2024-01-04 09:00:00,6909.2
2024-01-04 10:00:00,7398.1
2024-01-04 11:00:00,7436.3
2024-01-04 12:00:00,7455.6
2024-01-04 13:00:00,7363.6
2024-01-04 14:00:00,7327.3
2024-01-04 15:00:00,7544.0
2024-01-04 16:00:00,7595.7
2024-01-04 17:00:00,7758.9
2024-01-04 18:00:00,7957.0
2024-01-04 19:00:00,8316.0
2024-01-04 20:00:00,8394.0
2024-01-04 21:00:00,8207.6
2024-01-04 22:00:00,7759.8
2024-01-04 23:00:00,7184.4
2024-01-05 00:00:00,6340.8
2024-01-05 01:00:00,5736.6
2024-01-05 02:00:00,5320.2
2024-01-05 03:00:00,5043.7
2024-01-05 04:00:00,4923.0
2024-01-05 05:00:00,4857.4
2024-01-05 06:00:00,4951.8
2024-01-05 07:00:00,5358.4
2024-01-05 08:00:00,6052.8
2024-01-05 09:00:00,6892.5
2024-01-05 10:00:00,7381.7
2024-01-05 11:00:00,7537.7
2024-01-05 12:00:00,8858.7
2024-01-05 13:00:00,9274.3
2024-01-05 14:00:00,9542.2
2024-01-05 15:00:00,9677.6
2024-01-05 16:00:00,9213.7
2024-01-05 17:00:00,7550.7
2024-01-05 18:00:00,7826.5
2024-01-05 19:00:00,8173.4
2024-01-05 20:00:00,8298.8
2024-01-05 21:00:00,8072.9
2024-01-05 22:00:00,7586.1
2024-01-05 23:00:00,7112.4
2024-01-06 00:00:00,6292.6
2024-01-06 01:00:00,6397.9
2024-01-06 02:00:00,5901.6
2024-01-06 03:00:00,5571.0
2024-01-06 04:00:00,5384.9
2024-01-06 05:00:00,5301.2
2024-01-06 06:00:00,5302.6
2024-01-06 07:00:00,5423.3
2024-01-06 08:00:00,5653.6
2024-01-06 09:00:00,6074.4
2024-01-06 10:00:00,6197.7
2024-01-06 11:00:00,6960.5
2024-01-06 12:00:00,7132.3
2024-01-06 13:00:00,7279.3
2024-01-06 14:00:00,7208.9
2024-01-06 15:00:00,7162.9
2024-01-06 16:00:00,6555.2
2024-01-06 17:00:00,6296.5
2024-01-06 18:00:00,6744.8
2024-01-06 19:00:00,7238.5
2024-01-06 20:00:00,7381.2
2024-01-06 21:00:00,7236.4
2024-01-06 22:00:00,6814.7
2024-01-06 23:00:00,6477.0
2024-01-07 00:00:00,5901.3
2024-01-07 01:00:00,5364.2
2024-01-07 02:00:00,4915.1
2024-01-07 03:00:00,4590.2
2024-01-07 04:00:00,4424.4
2024-01-07 05:00:00,4345.2
2024-01-07 06:00:00,4361.3
2024-01-07 07:00:00,4449.9
2024-01-07 08:00:00,4590.2
2024-01-07 09:00:00,4940.2
2024-01-07 10:00:00,5882.1
2024-01-07 11:00:00,6449.4
2024-01-07 12:00:00,6672.4
2024-01-07 13:00:00,6822.7
2024-01-07 14:00:00,6687.7
2024-01-07 15:00:00,6546.8
2024-01-07 16:00:00,6523.3
2024-01-07 17:00:00,6040.6
2024-01-07 18:00:00,6561.4
2024-01-07 19:00:00,7175.4
2024-01-07 20:00:00,7284.1
2024-01-07 21:00:00,7042.3
2024-01-07 22:00:00,6639.2
2024-01-07 23:00:00,6315.6
2024-01-08 00:00:00,5875.1
2024-01-08 01:00:00,5624.8
2024-01-08 02:00:00,5556.8
2024-01-08 03:00:00,5410.9
2024-01-08 04:00:00,5294.6
2024-01-08 05:00:00,5251.3
2024-01-08 06:00:00,4703.0
2024-01-08 07:00:00,5110.8
2024-01-08 08:00:00,5790.2
2024-01-08 09:00:00,6855.8
2024-01-08 10:00:00,7260.3
2024-01-08 11:00:00,7075.4
2024-01-08 12:00:00,7206.7
2024-01-08 13:00:00,7503.6
2024-01-08 14:00:00,7287.2
2024-01-08 15:00:00,7351.6
2024-01-08 16:00:00,7477.6
2024-01-08 17:00:00,7618.9
2024-01-08 18:00:00,7814.9
2024-01-08 19:00:00,8199.6
2024-01-08 20:00:00,8308.6
2024-01-08 21:00:00,8103.8
2024-01-08 22:00:00,7644.8
2024-01-08 23:00:00,7116.8
2024-01-09 00:00:00,6911.8
2024-01-09 01:00:00,6375.8
2024-01-09 02:00:00,5936.9
2024-01-09 03:00:00,5657.9
2024-01-09 04:00:00,5519.9
2024-01-09 05:00:00,5457.7
2024-01-09 06:00:00,5550.2
2024-01-09 07:00:00,5558.2
2024-01-09 08:00:00,6055.4
2024-01-09 09:00:00,6936.6
2024-01-09 10:00:00,7456.5
2024-01-09 11:00:00,8027.9
2024-01-09 12:00:00,8144.1
2024-01-09 13:00:00,8038.2
2024-01-09 14:00:00,8086.8
2024-01-09 15:00:00,7794.2
2024-01-09 16:00:00,7712.9
2024-01-09 17:00:00,7764.3
2024-01-09 18:00:00,7923.7
2024-01-09 19:00:00,8257.9
2024-01-09 20:00:00,8371.4
2024-01-09 21:00:00,8161.6
2024-01-09 22:00:00,7677.2
2024-01-09 23:00:00,7696.0
2024-01-10 00:00:00,6274.2
2024-01-10 01:00:00,5780.5
2024-01-10 02:00:00,5345.9
2024-01-10 03:00:00,5046.5
2024-01-10 04:00:00,5116.3
2024-01-10 05:00:00,4834.2
2024-01-10 06:00:00,4925.7
2024-01-10 07:00:00,5445.5
2024-01-10 08:00:00,6180.0
2024-01-10 09:00:00,6959.3
2024-01-10 10:00:00,7402.3
2024-01-10 11:00:00,7520.7
2024-01-10 12:00:00,7651.2
2024-01-10 13:00:00,7547.3
2024-01-10 14:00:00,7510.1
2024-01-10 15:00:00,7612.3
2024-01-10 16:00:00,7650.8
2024-01-10 17:00:00,7833.7
2024-01-10 18:00:00,8032.9
2024-01-10 19:00:00,8405.5
2024-01-10 20:00:00,8580.9
2024-01-10 21:00:00,8364.2
2024-01-10 22:00:00,7929.4
2024-01-10 23:00:00,7319.4
2024-01-11 00:00:00,6511.3
2024-01-11 01:00:00,5880.6
2024-01-11 02:00:00,5451.3
2024-01-11 03:00:00,5143.5
2024-01-11 04:00:00,5015.5
2024-01-11 05:00:00,4979.2
2024-01-11 06:00:00,5056.7
2024-01-11 07:00:00,5610.5
2024-01-11 08:00:00,6412.1
2024-01-11 09:00:00,7316.5
2024-01-11 10:00:00,7745.8
2024-01-11 11:00:00,7782.6
2024-01-11 12:00:00,7819.6
2024-01-11 13:00:00,7644.8
2024-01-11 14:00:00,7593.2
2024-01-11 15:00:00,7813.0
2024-01-11 16:00:00,7847.5
2024-01-11 17:00:00,8030.9
2024-01-11 18:00:00,8189.7
2024-01-11 19:00:00,8692.8
2024-01-11 20:00:00,8875.0
2024-01-11 21:00:00,8692.5
2024-01-11 22:00:00,8220.6
2024-01-11 23:00:00,7471.5
2024-01-12 00:00:00,6624.5
2024-01-12 01:00:00,6025.9
2024-01-12 02:00:00,5559.9
2024-01-12 03:00:00,5244.2
2024-01-12 04:00:00,5111.7
2024-01-12 05:00:00,5001.9
2024-01-12 06:00:00,5116.5
2024-01-12 07:00:00,5662.6
2024-01-12 08:00:00,6518.7
2024-01-12 09:00:00,7511.4
2024-01-12 10:00:00,7804.0
2024-01-12 11:00:00,7747.7
2024-01-12 12:00:00,7699.9
2024-01-12 13:00:00,7484.5
2024-01-12 14:00:00,7428.6
2024-01-12 15:00:00,7532.8
2024-01-12 16:00:00,7694.4
2024-01-12 17:00:00,7987.4
2024-01-12 18:00:00,8210.1
2024-01-12 19:00:00,8658.3
2024-01-12 20:00:00,8854.6
2024-01-12 21:00:00,8666.4
2024-01-12 22:00:00,8225.2
2024-01-12 23:00:00,7581.4
2024-01-13 00:00:00,6705.6
2024-01-13 01:00:00,5957.2
2024-01-13 02:00:00,5449.9
2024-01-13 03:00:00,5125.2
2024-01-13 04:00:00,4947.2
2024-01-13 05:00:00,4860.0
2024-01-13 06:00:00,4825.6
2024-01-13 07:00:00,4953.6
2024-01-13 08:00:00,5189.5
2024-01-13 09:00:00,5695.3
2024-01-13 10:00:00,6176.6
2024-01-13 11:00:00,6412.6
2024-01-13 12:00:00,6547.4
2024-01-13 13:00:00,6568.7
2024-01-13 14:00:00,6395.8
2024-01-13 15:00:00,6273.5
2024-01-13 16:00:00,6322.3
2024-01-13 17:00:00,6546.5
2024-01-13 18:00:00,6927.9
2024-01-13 19:00:00,7613.9
2024-01-13 20:00:00,7740.3
2024-01-13 21:00:00,7645.3
2024-01-13 22:00:00,7214.6
2024-01-13 23:00:00,6721.4
2024-01-14 00:00:00,6105.3
2024-01-14 01:00:00,5526.9
2024-01-14 02:00:00,5040.3
2024-01-14 03:00:00,4705.2
2024-01-14 04:00:00,4541.9
2024-01-14 05:00:00,4637.6
2024-01-14 06:00:00,4430.6
2024-01-14 07:00:00,4534.3
2024-01-14 08:00:00,4727.6
2024-01-14 09:00:00,5014.4
2024-01-14 10:00:00,5434.3
2024-01-14 11:00:00,6114.7
2024-01-14 12:00:00,7292.7
2024-01-14 13:00:00,7626.1
2024-01-14 14:00:00,7699.6
2024-01-14 15:00:00,7557.7
2024-01-14 16:00:00,7403.6
2024-01-14 17:00:00,6091.5
2024-01-14 18:00:00,6618.6
2024-01-14 19:00:00,7370.6
2024-01-14 20:00:00,7624.3
2024-01-14 21:00:00,7549.5
2024-01-14 22:00:00,7145.0
2024-01-14 23:00:00,6635.9
2024-01-15 00:00:00,6002.3
2024-01-15 01:00:00,6109.9
2024-01-15 02:00:00,5881.5
2024-01-15 03:00:00,5721.9
2024-01-15 04:00:00,5593.9
2024-01-15 05:00:00,5461.4
2024-01-15 06:00:00,4835.0
2024-01-15 07:00:00,5161.8
2024-01-15 08:00:00,6055.0
2024-01-15 09:00:00,7017.7
2024-01-15 10:00:00,7584.1
2024-01-15 11:00:00,7724.6
2024-01-15 12:00:00,7853.2
2024-01-15 13:00:00,7773.0
2024-01-15 14:00:00,7758.8
2024-01-15 15:00:00,7939.9
2024-01-15 16:00:00,7966.9
2024-01-15 17:00:00,8088.9
2024-01-15 18:00:00,8196.4
2024-01-15 19:00:00,8538.6
2024-01-15 20:00:00,8753.2
2024-01-15 21:00:00,8594.8
2024-01-15 22:00:00,8111.8
2024-01-15 23:00:00,7435.1
2024-01-16 00:00:00,6523.5
2024-01-16 01:00:00,5804.6
2024-01-16 02:00:00,5328.4
2024-01-16 03:00:00,5035.7
2024-01-16 04:00:00,4907.2
2024-01-16 05:00:00,4800.7
2024-01-16 06:00:00,4970.7
2024-01-16 07:00:00,5488.1
2024-01-16 08:00:00,6374.1
2024-01-16 09:00:00,7287.5
2024-01-16 10:00:00,7782.2
2024-01-16 11:00:00,7873.2
2024-01-16 12:00:00,7987.1
2024-01-16 13:00:00,7895.0
2024-01-16 14:00:00,7885.1
2024-01-16 15:00:00,8062.3
2024-01-16 16:00:00,8017.4
2024-01-16 17:00:00,8059.5
2024-01-16 18:00:00,8097.9
2024-01-16 19:00:00,8455.5
2024-01-16 20:00:00,8640.6
2024-01-16 21:00:00,8465.3
2024-01-16 22:00:00,7974.0
2024-01-16 23:00:00,7699.0
2024-01-17 00:00:00,6721.6
2024-01-17 01:00:00,6829.3
2024-01-17 02:00:00,6549.8
2024-01-17 03:00:00,6550.4
2024-01-17 04:00:00,6556.0
2024-01-17 05:00:00,6312.9
2024-01-17 06:00:00,5835.5
2024-01-17 07:00:00,5468.2
2024-01-17 08:00:00,6303.1
2024-01-17 09:00:00,7210.8
2024-01-17 10:00:00,7617.2
2024-01-17 11:00:00,7853.4
2024-01-17 12:00:00,8927.5
2024-01-17 13:00:00,9203.5
2024-01-17 14:00:00,9235.4
2024-01-17 15:00:00,9265.2
2024-01-17 16:00:00,8704.0
2024-01-17 17:00:00,7689.9
2024-01-17 18:00:00,7885.0
2024-01-17 19:00:00,8333.7
2024-01-17 20:00:00,8517.1
2024-01-17 21:00:00,8363.1
2024-01-17 22:00:00,7872.8
2024-01-17 23:00:00,8426.1
2024-01-18 00:00:00,7839.8
2024-01-18 01:00:00,7227.3
2024-01-18 02:00:00,6842.4
2024-01-18 03:00:00,6555.7
2024-01-18 04:00:00,6427.4
2024-01-18 05:00:00,6257.8
2024-01-18 06:00:00,6394.9
2024-01-18 07:00:00,6016.1
2024-01-18 08:00:00,6370.6
2024-01-18 09:00:00,7234.9
2024-01-18 10:00:00,7624.3
2024-01-18 11:00:00,7526.1
2024-01-18 12:00:00,7493.7
2024-01-18 13:00:00,7514.3
2024-01-18 14:00:00,7340.3
2024-01-18 15:00:00,7316.7
2024-01-18 16:00:00,7366.1
2024-01-18 17:00:00,7537.1
2024-01-18 18:00:00,7806.1
2024-01-18 19:00:00,8309.6
2024-01-18 20:00:00,8565.0
2024-01-18 21:00:00,8403.6
2024-01-18 22:00:00,7977.4
2024-01-18 23:00:00,7294.5
2024-01-19 00:00:00,6527.2
2024-01-19 01:00:00,5672.9
2024-01-19 02:00:00,5243.5
2024-01-19 03:00:00,5005.5
2024-01-19 04:00:00,4884.7
2024-01-19 05:00:00,4811.8
2024-01-19 06:00:00,4942.4
2024-01-19 07:00:00,5458.2
2024-01-19 08:00:00,6297.5
2024-01-19 09:00:00,7131.7
2024-01-19 10:00:00,7514.0
2024-01-19 11:00:00,7499.3
2024-01-19 12:00:00,7493.2
2024-01-19 13:00:00,7402.8
2024-01-19 14:00:00,7307.4
2024-01-19 15:00:00,7415.9
2024-01-19 16:00:00,7378.7
2024-01-19 17:00:00,7478.0
2024-01-19 18:00:00,7645.5
2024-01-19 19:00:00,8066.1
2024-01-19 20:00:00,8205.7
2024-01-19 21:00:00,7978.1
2024-01-19 22:00:00,7518.3
2024-01-19 23:00:00,6955.2
2024-01-20 00:00:00,6287.3
2024-01-20 01:00:00,6088.5
2024-01-20 02:00:00,5754.9
2024-01-20 03:00:00,5298.9
2024-01-20 04:00:00,5346.4
2024-01-20 05:00:00,4802.1
2024-01-20 06:00:00,4813.5
2024-01-20 07:00:00,4937.2
2024-01-20 08:00:00,5198.0
2024-01-20 09:00:00,5596.6
2024-01-20 10:00:00,6040.7
2024-01-20 11:00:00,6216.8
2024-01-20 12:00:00,6455.9
2024-01-20 13:00:00,6520.6
2024-01-20 14:00:00,6354.5
2024-01-20 15:00:00,6269.8
2024-01-20 16:00:00,6306.5
2024-01-20 17:00:00,6466.0
2024-01-20 18:00:00,6767.2
2024-01-20 19:00:00,7357.5
2024-01-20 20:00:00,7567.5
2024-01-20 21:00:00,7397.0
2024-01-20 22:00:00,7005.5
2024-01-20 23:00:00,6554.3
2024-01-21 00:00:00,5991.5
2024-01-21 01:00:00,6082.7
2024-01-21 02:00:00,6247.8
2024-01-21 03:00:00,6262.9
2024-01-21 04:00:00,6100.9
2024-01-21 05:00:00,6009.7
2024-01-21 06:00:00,6026.1
2024-01-21 07:00:00,5483.7
2024-01-21 08:00:00,5119.4
2024-01-21 09:00:00,5919.7
2024-01-21 10:00:00,6528.7
2024-01-21 11:00:00,7272.1
2024-01-21 12:00:00,7795.4
2024-01-21 13:00:00,7986.0
2024-01-21 14:00:00,7753.3
2024-01-21 15:00:00,7576.6
2024-01-21 16:00:00,7546.5
2024-01-21 17:00:00,6055.2
2024-01-21 18:00:00,6473.3
2024-01-21 19:00:00,7043.3
2024-01-21 20:00:00,7270.6
2024-01-21 21:00:00,7238.0
2024-01-21 22:00:00,6847.5
2024-01-21 23:00:00,6887.0
2024-01-22 00:00:00,6717.4
2024-01-22 01:00:00,6325.4
2024-01-22 02:00:00,6180.9
2024-01-22 03:00:00,6161.1
2024-01-22 04:00:00,6248.4
2024-01-22 05:00:00,6337.8
2024-01-22 06:00:00,5615.4
2024-01-22 07:00:00,5173.1
2024-01-22 08:00:00,5982.4
2024-01-22 09:00:00,7018.6
2024-01-22 10:00:00,7408.2
2024-01-22 11:00:00,7890.3
2024-01-22 12:00:00,8246.2
2024-01-22 13:00:00,8192.0
2024-01-22 14:00:00,8107.3
2024-01-22 15:00:00,8182.9
2024-01-22 16:00:00,7563.0
2024-01-22 17:00:00,7570.2
2024-01-22 18:00:00,7712.8
2024-01-22 19:00:00,8130.7
2024-01-22 20:00:00,8286.5
2024-01-22 21:00:00,8097.2
2024-01-22 22:00:00,7633.8
2024-01-22 23:00:00,7037.7
2024-01-23 00:00:00,7129.6
2024-01-23 01:00:00,6541.4
2024-01-23 02:00:00,6183.0
2024-01-23 03:00:00,5918.0
2024-01-23 04:00:00,5817.8
2024-01-23 05:00:00,5751.7
2024-01-23 06:00:00,4882.1
2024-01-23 07:00:00,5380.2
2024-01-23 08:00:00,6242.3
2024-01-23 09:00:00,7066.3
2024-01-23 10:00:00,7330.8
2024-01-23 11:00:00,7396.6
2024-01-23 12:00:00,7839.1
2024-01-23 13:00:00,8314.7
2024-01-23 14:00:00,7308.7
2024-01-23 15:00:00,7336.6
2024-01-23 16:00:00,7308.5
2024-01-23 17:00:00,7293.3
2024-01-23 18:00:00,7418.1
2024-01-23 19:00:00,7913.0
2024-01-23 20:00:00,8144.3
2024-01-23 21:00:00,7961.5
2024-01-23 22:00:00,7461.5
2024-01-23 23:00:00,6786.5
2024-01-24 00:00:00,6058.4
2024-01-24 01:00:00,5520.0
2024-01-24 02:00:00,5178.6
2024-01-24 03:00:00,4923.1
2024-01-24 04:00:00,4791.5
2024-01-24 05:00:00,4718.6
2024-01-24 06:00:00,4844.8
2024-01-24 07:00:00,5390.1
2024-01-24 08:00:00,6258.4
2024-01-24 09:00:00,7131.9
2024-01-24 10:00:00,7384.7
2024-01-24 11:00:00,7982.9
2024-01-24 12:00:00,8315.2
2024-01-24 13:00:00,8117.5
2024-01-24 14:00:00,7950.5
2024-01-24 15:00:00,8022.0
2024-01-24 16:00:00,6975.9
2024-01-24 17:00:00,7061.7
2024-01-24 18:00:00,7239.2
2024-01-24 19:00:00,7802.4
2024-01-24 20:00:00,7980.2
2024-01-24 21:00:00,7837.1
2024-01-24 22:00:00,7330.0
2024-01-24 23:00:00,6777.0
2024-01-25 00:00:00,6096.7
2024-01-25 01:00:00,6107.0
2024-01-25 02:00:00,5709.8
2024-01-25 03:00:00,5452.1
2024-01-25 04:00:00,5329.4
2024-01-25 05:00:00,4688.6
2024-01-25 06:00:00,4916.7
2024-01-25 07:00:00,5451.2
2024-01-25 08:00:00,6251.4
2024-01-25 09:00:00,7011.4
2024-01-25 10:00:00,7239.4
2024-01-25 11:00:00,7185.5
2024-01-25 12:00:00,7192.3
2024-01-25 13:00:00,7001.3
2024-01-25 14:00:00,6888.9
2024-01-25 15:00:00,7461.6
2024-01-25 16:00:00,7066.4
2024-01-25 17:00:00,7201.1
2024-01-25 18:00:00,7300.9
2024-01-25 19:00:00,7777.4
2024-01-25 20:00:00,7979.1
2024-01-25 21:00:00,7799.6
2024-01-25 22:00:00,7309.6
2024-01-25 23:00:00,6693.4
2024-01-26 00:00:00,6017.7
2024-01-26 01:00:00,5496.1
2024-01-26 02:00:00,5097.8
2024-01-26 03:00:00,4862.9
2024-01-26 04:00:00,4762.1
2024-01-26 05:00:00,4710.8
2024-01-26 06:00:00,4862.7
2024-01-26 07:00:00,5317.6
2024-01-26 08:00:00,6110.7
2024-01-26 09:00:00,7027.6
2024-01-26 10:00:00,7300.0
2024-01-26 11:00:00,7190.7
2024-01-26 12:00:00,7079.8
2024-01-26 13:00:00,6910.0
2024-01-26 14:00:00,6712.6
2024-01-26 15:00:00,6633.1
2024-01-26 16:00:00,6654.4
2024-01-26 17:00:00,6842.7
2024-01-26 18:00:00,6993.7
2024-01-26 19:00:00,7524.4
2024-01-26 20:00:00,7795.5
2024-01-26 21:00:00,7601.6
2024-01-26 22:00:00,7167.0
2024-01-26 23:00:00,6639.9
2024-01-27 00:00:00,6011.1
2024-01-27 01:00:00,5392.5
2024-01-27 02:00:00,5211.8
2024-01-27 03:00:00,5135.3
2024-01-27 04:00:00,4951.4
2024-01-27 05:00:00,4885.7
2024-01-27 06:00:00,4453.8
2024-01-27 07:00:00,4614.3
2024-01-27 08:00:00,4869.1
2024-01-27 09:00:00,5157.1
2024-01-27 10:00:00,5430.6
2024-01-27 11:00:00,5961.1
2024-01-27 12:00:00,6139.9
2024-01-27 13:00:00,6158.4
2024-01-27 14:00:00,5993.5
2024-01-27 15:00:00,5776.6
2024-01-27 16:00:00,5801.9
2024-01-27 17:00:00,5611.7
2024-01-27 18:00:00,5981.0
2024-01-27 19:00:00,6616.1
2024-01-27 20:00:00,6844.5
2024-01-27 21:00:00,6682.2
2024-01-27 22:00:00,6249.6
2024-01-27 23:00:00,5824.8
2024-01-28 00:00:00,5396.6
2024-01-28 01:00:00,5463.2
2024-01-28 02:00:00,5060.7
2024-01-28 03:00:00,4820.0
2024-01-28 04:00:00,4667.4
2024-01-28 05:00:00,4598.4
2024-01-28 06:00:00,4596.9
2024-01-28 07:00:00,4739.5
2024-01-28 08:00:00,4850.6
2024-01-28 09:00:00,5011.3
2024-01-28 10:00:00,5672.5
2024-01-28 11:00:00,6318.3
2024-01-28 12:00:00,6218.9
2024-01-28 13:00:00,6532.5
2024-01-28 14:00:00,6247.0
2024-01-28 15:00:00,6307.3
2024-01-28 16:00:00,5896.7
2024-01-28 17:00:00,5750.3
2024-01-28 18:00:00,5747.8
2024-01-28 19:00:00,6402.0
2024-01-28 20:00:00,6670.5
2024-01-28 21:00:00,6631.9
2024-01-28 22:00:00,6672.4
2024-01-28 23:00:00,6187.2
2024-01-29 00:00:00,5773.2
2024-01-29 01:00:00,5453.1
2024-01-29 02:00:00,5137.7
2024-01-29 03:00:00,4935.8
2024-01-29 04:00:00,4646.6
2024-01-29 05:00:00,4284.8
2024-01-29 06:00:00,4464.9
2024-01-29 07:00:00,4931.4
2024-01-29 08:00:00,5655.6
2024-01-29 09:00:00,6441.4
2024-01-29 10:00:00,6687.4
2024-01-29 11:00:00,6679.4
2024-01-29 12:00:00,6699.4
2024-01-29 13:00:00,6470.6
2024-01-29 14:00:00,6411.2
2024-01-29 15:00:00,6553.0
2024-01-29 16:00:00,6565.7
2024-01-29 17:00:00,6765.0
2024-01-29 18:00:00,6942.2
2024-01-29 19:00:00,7493.5
2024-01-29 20:00:00,7743.0
2024-01-29 21:00:00,7593.4
2024-01-29 22:00:00,7063.6
2024-01-29 23:00:00,6474.3
2024-01-30 00:00:00,5748.9
2024-01-30 01:00:00,5319.1
2024-01-30 02:00:00,4900.2
2024-01-30 03:00:00,4963.4
2024-01-30 04:00:00,5280.1
2024-01-30 05:00:00,4523.4
2024-01-30 06:00:00,4671.9
2024-01-30 07:00:00,5168.3
2024-01-30 08:00:00,5948.8
2024-01-30 09:00:00,6603.5
2024-01-30 10:00:00,6830.5
2024-01-30 11:00:00,6768.6
2024-01-30 12:00:00,6794.1
2024-01-30 13:00:00,6543.7
2024-01-30 14:00:00,6366.9
2024-01-30 15:00:00,6502.8
2024-01-30 16:00:00,6560.1
2024-01-30 17:00:00,6787.9
2024-01-30 18:00:00,6949.6
2024-01-30 19:00:00,7526.1
2024-01-30 20:00:00,7799.9
2024-01-30 21:00:00,7628.0
2024-01-30 22:00:00,7101.4
2024-01-30 23:00:00,6478.2
2024-01-31 00:00:00,5930.3
2024-01-31 01:00:00,5391.1
2024-01-31 02:00:00,4996.1
2024-01-31 03:00:00,4814.6
2024-01-31 04:00:00,4691.1
2024-01-31 05:00:00,4590.4
2024-01-31 06:00:00,4704.2
2024-01-31 07:00:00,5240.2
2024-01-31 08:00:00,5984.1
2024-01-31 09:00:00,6622.2
2024-01-31 10:00:00,6732.9
2024-01-31 11:00:00,6589.8
2024-01-31 12:00:00,6555.5
2024-01-31 13:00:00,6374.0
2024-01-31 14:00:00,6541.3
2024-01-31 15:00:00,6801.7
2024-01-31 16:00:00,6531.4
2024-01-31 17:00:00,6505.4
2024-01-31 18:00:00,6795.5
2024-01-31 19:00:00,7432.8
2024-01-31 20:00:00,7706.8
2024-01-31 21:00:00,7533.5
2024-01-31 22:00:00,7055.8
2024-01-31 23:00:00,6486.1
2024-02-01 00:00:00,5802.9
2024-02-01 01:00:00,5445.4
2024-02-01 02:00:00,5691.1
2024-02-01 03:00:00,5632.5
2024-02-01 04:00:00,6088.4
2024-02-01 05:00:00,4628.8
2024-02-01 06:00:00,4747.4
2024-02-01 07:00:00,5256.5
2024-02-01 08:00:00,6074.2
2024-02-01 09:00:00,6784.2
2024-02-01 10:00:00,7011.6
2024-02-01 11:00:00,6909.7
2024-02-01 12:00:00,7313.8
2024-02-01 13:00:00,7247.1
2024-02-01 14:00:00,7375.2
2024-02-01 15:00:00,7464.0
2024-02-01 16:00:00,6624.0
2024-02-01 17:00:00,6767.8
2024-02-01 18:00:00,6899.0
2024-02-01 19:00:00,7529.5
2024-02-01 20:00:00,7844.3
2024-02-01 21:00:00,7652.0
2024-02-01 22:00:00,7174.3
2024-02-01 23:00:00,6543.8
2024-02-02 00:00:00,5991.8
2024-02-02 01:00:00,5352.5
2024-02-02 02:00:00,4981.4
2024-02-02 03:00:00,4923.1
2024-02-02 04:00:00,5344.1
2024-02-02 05:00:00,4557.7
2024-02-02 06:00:00,4675.6
2024-02-02 07:00:00,5084.7
2024-02-02 08:00:00,5886.2
2024-02-02 09:00:00,6666.1
2024-02-02 10:00:00,6870.0
2024-02-02 11:00:00,6870.5
2024-02-02 12:00:00,6872.8
2024-02-02 13:00:00,6501.4
2024-02-02 14:00:00,6517.8
2024-02-02 15:00:00,6476.1
2024-02-02 16:00:00,6370.2
2024-02-02 17:00:00,6451.5
2024-02-02 18:00:00,6706.8
2024-02-02 19:00:00,7339.0
2024-02-02 20:00:00,7622.1
2024-02-02 21:00:00,7456.0
2024-02-02 22:00:00,7002.8
2024-02-02 23:00:00,6475.6
2024-02-03 00:00:00,6273.8
2024-02-03 01:00:00,5691.5
2024-02-03 02:00:00,5385.0
2024-02-03 03:00:00,5194.2
2024-02-03 04:00:00,4956.8
2024-02-03 05:00:00,4870.9
2024-02-03 06:00:00,4781.5
2024-02-03 07:00:00,4933.4
2024-02-03 08:00:00,4710.7
2024-02-03 09:00:00,5540.4
2024-02-03 10:00:00,5925.5
2024-02-03 11:00:00,5964.2
2024-02-03 12:00:00,6741.3
2024-02-03 13:00:00,7557.9
2024-02-03 14:00:00,6810.9
2024-02-03 15:00:00,6114.7
2024-02-03 16:00:00,5674.6
2024-02-03 17:00:00,5280.9
2024-02-03 18:00:00,5664.3
2024-02-03 19:00:00,6462.2
2024-02-03 20:00:00,6766.0
2024-02-03 21:00:00,6579.8
2024-02-03 22:00:00,6169.8
2024-02-03 23:00:00,5786.7
2024-02-04 00:00:00,5343.0
2024-02-04 01:00:00,4788.6
2024-02-04 02:00:00,4405.0
2024-02-04 03:00:00,4165.6
2024-02-04 04:00:00,4059.7
2024-02-04 05:00:00,4004.9
2024-02-04 06:00:00,4028.2
2024-02-04 07:00:00,4179.5
2024-02-04 08:00:00,4322.8
2024-02-04 09:00:00,5063.6
2024-02-04 10:00:00,6016.4
2024-02-04 11:00:00,6992.2
2024-02-04 12:00:00,7543.5
2024-02-04 13:00:00,7605.1
2024-02-04 14:00:00,7344.1
2024-02-04 15:00:00,7364.5
2024-02-04 16:00:00,6486.0
2024-02-04 17:00:00,5052.7
2024-02-04 18:00:00,5388.7
2024-02-04 19:00:00,6176.1
2024-02-04 20:00:00,6518.4
2024-02-04 21:00:00,6451.1
2024-02-04 22:00:00,6085.7
2024-02-04 23:00:00,5689.1
2024-02-05 00:00:00,5162.8
2024-02-05 01:00:00,4775.0
2024-02-05 02:00:00,4434.3
2024-02-05 03:00:00,4245.0
2024-02-05 04:00:00,4176.4
2024-02-05 05:00:00,4160.9
2024-02-05 06:00:00,4377.6
2024-02-05 07:00:00,4944.3
2024-02-05 08:00:00,5758.9
2024-02-05 09:00:00,6620.8
2024-02-05 10:00:00,6945.2
2024-02-05 11:00:00,6818.7
2024-02-05 12:00:00,6857.0
2024-02-05 13:00:00,6605.9
2024-02-05 14:00:00,6503.5
2024-02-05 15:00:00,6647.2
2024-02-05 16:00:00,6612.7
2024-02-05 17:00:00,6713.6
2024-02-05 18:00:00,6898.8
2024-02-05 19:00:00,7477.1
2024-02-05 20:00:00,7680.5
2024-02-05 21:00:00,7552.3
2024-02-05 22:00:00,7079.4
2024-02-05 23:00:00,6465.2
2024-02-06 00:00:00,5768.4
2024-02-06 01:00:00,5232.4
2024-02-06 02:00:00,4870.4
2024-02-06 03:00:00,4684.9
2024-02-06 04:00:00,4579.4
2024-02-06 05:00:00,4551.3
2024-02-06 06:00:00,4669.0
2024-02-06 07:00:00,5193.2
2024-02-06 08:00:00,5982.2
2024-02-06 09:00:00,6770.9
2024-02-06 10:00:00,7033.6
2024-02-06 11:00:00,6919.2
2024-02-06 12:00:00,6877.3
2024-02-06 13:00:00,6780.9
2024-02-06 14:00:00,7769.3
2024-02-06 15:00:00,6995.6
2024-02-06 16:00:00,6552.8
2024-02-06 17:00:00,6559.3
2024-02-06 18:00:00,6797.3
2024-02-06 19:00:00,7469.6
2024-02-06 20:00:00,7741.6
2024-02-06 21:00:00,7583.4
2024-02-06 22:00:00,7107.7
2024-02-06 23:00:00,7074.7
2024-02-07 00:00:00,6459.1
2024-02-07 01:00:00,5877.1
2024-02-07 02:00:00,5593.0
2024-02-07 03:00:00,5996.5
2024-02-07 04:00:00,6294.7
2024-02-07 05:00:00,5204.1
2024-02-07 06:00:00,4844.7
2024-02-07 07:00:00,5357.2
2024-02-07 08:00:00,6141.2
2024-02-07 09:00:00,6937.4
2024-02-07 10:00:00,7034.0
2024-02-07 11:00:00,6892.6
2024-02-07 12:00:00,7389.9
2024-02-07 13:00:00,7119.0
2024-02-07 14:00:00,7432.6
2024-02-07 15:00:00,7821.2
2024-02-07 16:00:00,7358.6
2024-02-07 17:00:00,7230.2
2024-02-07 18:00:00,6969.7
2024-02-07 19:00:00,7501.2
2024-02-07 20:00:00,7795.4
2024-02-07 21:00:00,7646.0
2024-02-07 22:00:00,7132.2
2024-02-07 23:00:00,6674.1
2024-02-08 00:00:00,6079.0
2024-02-08 01:00:00,5424.5
2024-02-08 02:00:00,5212.2
2024-02-08 03:00:00,5576.1
2024-02-08 04:00:00,5497.5
2024-02-08 05:00:00,5359.8
2024-02-08 06:00:00,4804.4
2024-02-08 07:00:00,5288.8
2024-02-08 08:00:00,6065.6
2024-02-08 09:00:00,6904.5
2024-02-08 10:00:00,7101.9
2024-02-08 11:00:00,7005.9
2024-02-08 12:00:00,7068.1
2024-02-08 13:00:00,7657.7
2024-02-08 14:00:00,6814.1
2024-02-08 15:00:00,7340.8
2024-02-08 16:00:00,6755.9
2024-02-08 17:00:00,6802.4
2024-02-08 18:00:00,6981.0
2024-02-08 19:00:00,7518.6
2024-02-08 20:00:00,7855.7
2024-02-08 21:00:00,7692.3
2024-02-08 22:00:00,7211.8
2024-02-08 23:00:00,7411.6
2024-02-09 00:00:00,6919.1
2024-02-09 01:00:00,6900.9
2024-02-09 02:00:00,6941.4
2024-02-09 03:00:00,6824.3
2024-02-09 04:00:00,6728.7
2024-02-09 05:00:00,6678.9
2024-02-09 06:00:00,4998.6
2024-02-09 07:00:00,5459.0
2024-02-09 08:00:00,6225.1
2024-02-09 09:00:00,7032.9
2024-02-09 10:00:00,7247.2
2024-02-09 11:00:00,7198.6
2024-02-09 12:00:00,7232.8
2024-02-09 13:00:00,6966.4
2024-02-09 14:00:00,6805.6
2024-02-09 15:00:00,6839.8
2024-02-09 16:00:00,6748.4
2024-02-09 17:00:00,6827.4
2024-02-09 18:00:00,6996.9
2024-02-09 19:00:00,7430.6
2024-02-09 20:00:00,7756.3
2024-02-09 21:00:00,7629.1
2024-02-09 22:00:00,7172.4
2024-02-09 23:00:00,6543.6
2024-02-10 00:00:00,6404.2
2024-02-10 01:00:00,6478.1
2024-02-10 02:00:00,6749.2
2024-02-10 03:00:00,6479.3
2024-02-10 04:00:00,6327.9
2024-02-10 05:00:00,6233.5
2024-02-10 06:00:00,6251.3
2024-02-10 07:00:00,6404.6
2024-02-10 08:00:00,6636.0
2024-02-10 09:00:00,7060.9
2024-02-10 10:00:00,7354.1
2024-02-10 11:00:00,7507.0
2024-02-10 12:00:00,7674.2
2024-02-10 13:00:00,7733.3
2024-02-10 14:00:00,7524.7
2024-02-10 15:00:00,7433.3
2024-02-10 16:00:00,7310.4
2024-02-10 17:00:00,7125.8
2024-02-10 18:00:00,7496.8
2024-02-10 19:00:00,7160.4
2024-02-10 20:00:00,7099.8
2024-02-10 21:00:00,6967.4
2024-02-10 22:00:00,6507.8
2024-02-10 23:00:00,6591.9
2024-02-11 00:00:00,5546.5
2024-02-11 01:00:00,5740.6
2024-02-11 02:00:00,5366.8
2024-02-11 03:00:00,5179.8
2024-02-11 04:00:00,4546.4
2024-02-11 05:00:00,4504.2
2024-02-11 06:00:00,4270.4
2024-02-11 07:00:00,4400.6
2024-02-11 08:00:00,4504.2
2024-02-11 09:00:00,4753.0
2024-02-11 10:00:00,5137.6
2024-02-11 11:00:00,5438.6
2024-02-11 12:00:00,5707.3
2024-02-11 13:00:00,5847.0
2024-02-11 14:00:00,5591.0
2024-02-11 15:00:00,5412.2
2024-02-11 16:00:00,5300.1
2024-02-11 17:00:00,5334.5
2024-02-11 18:00:00,5602.6
2024-02-11 19:00:00,6348.6
2024-02-11 20:00:00,6740.7
2024-02-11 21:00:00,6681.5
2024-02-11 22:00:00,6337.1
2024-02-11 23:00:00,5894.4
2024-02-12 00:00:00,6463.3
2024-02-12 01:00:00,6153.9
2024-02-12 02:00:00,6336.5
2024-02-12 03:00:00,6188.8
2024-02-12 04:00:00,6158.7
2024-02-12 05:00:00,6014.2
2024-02-12 06:00:00,5460.3
2024-02-12 07:00:00,5543.5
2024-02-12 08:00:00,5673.1
2024-02-12 09:00:00,7120.5
2024-02-12 10:00:00,6800.4
2024-02-12 11:00:00,7501.7
2024-02-12 12:00:00,7876.9
2024-02-12 13:00:00,7992.7
2024-02-12 14:00:00,8091.4
2024-02-12 15:00:00,8198.1
2024-02-12 16:00:00,7646.3
2024-02-12 17:00:00,6472.5
2024-02-12 18:00:00,6583.7
2024-02-12 19:00:00,7136.3
2024-02-12 20:00:00,7476.1
2024-02-12 21:00:00,7309.8
2024-02-12 22:00:00,6797.7
2024-02-12 23:00:00,6153.0
2024-02-13 00:00:00,5638.0
2024-02-13 01:00:00,5180.7
2024-02-13 02:00:00,4962.7
2024-02-13 03:00:00,4733.4
2024-02-13 04:00:00,4633.7
2024-02-13 05:00:00,4440.6
2024-02-13 06:00:00,4499.6
2024-02-13 07:00:00,4731.6
2024-02-13 08:00:00,5223.4
2024-02-13 09:00:00,5688.8
2024-02-13 10:00:00,5937.3
2024-02-13 11:00:00,6015.4
2024-02-13 12:00:00,6175.8
2024-02-13 13:00:00,6005.7
2024-02-13 14:00:00,5882.2
2024-02-13 15:00:00,5870.0
2024-02-13 16:00:00,5746.1
2024-02-13 17:00:00,5797.4
2024-02-13 18:00:00,6071.9
2024-02-13 19:00:00,6736.9
2024-02-13 20:00:00,7088.0
2024-02-13 21:00:00,6994.0
2024-02-13 22:00:00,6538.3
2024-02-13 23:00:00,5952.4
2024-02-14 00:00:00,5577.3
2024-02-14 01:00:00,5176.5
2024-02-14 02:00:00,4802.5
2024-02-14 03:00:00,4608.9
2024-02-14 04:00:00,4513.8
2024-02-14 05:00:00,4483.8
2024-02-14 06:00:00,4613.9
2024-02-14 07:00:00,5116.4
2024-02-14 08:00:00,5819.6
2024-02-14 09:00:00,6536.6
2024-02-14 10:00:00,6928.5
2024-02-14 11:00:00,6945.1
2024-02-14 12:00:00,6915.7
2024-02-14 13:00:00,6770.3
2024-02-14 14:00:00,6957.7
2024-02-14 15:00:00,6731.0
2024-02-14 16:00:00,6680.2
2024-02-14 17:00:00,6620.3
2024-02-14 18:00:00,6720.1
2024-02-14 19:00:00,7280.0
2024-02-14 20:00:00,7619.5
2024-02-14 21:00:00,7508.3
2024-02-14 22:00:00,6993.2
2024-02-14 23:00:00,6418.2
2024-02-15 00:00:00,5894.0
2024-02-15 01:00:00,5551.8
2024-02-15 02:00:00,5876.7
2024-02-15 03:00:00,5667.0
2024-02-15 04:00:00,5574.8
2024-02-15 05:00:00,5444.9
2024-02-15 06:00:00,4681.8
2024-02-15 07:00:00,5068.2
2024-02-15 08:00:00,5786.8
2024-02-15 09:00:00,6616.8
2024-02-15 10:00:00,6969.0
2024-02-15 11:00:00,6975.0
2024-02-15 12:00:00,7089.7
2024-02-15 13:00:00,6902.5
2024-02-15 14:00:00,6762.4
2024-02-15 15:00:00,6912.2
2024-02-15 16:00:00,6840.1
2024-02-15 17:00:00,6831.5
2024-02-15 18:00:00,6837.6
2024-02-15 19:00:00,7336.2
2024-02-15 20:00:00,7659.5
2024-02-15 21:00:00,7464.6
2024-02-15 22:00:00,6957.0
2024-02-15 23:00:00,6290.1
2024-02-16 00:00:00,5822.9
2024-02-16 01:00:00,5363.8
2024-02-16 02:00:00,5006.1
2024-02-16 03:00:00,4786.7
2024-02-16 04:00:00,5235.2
2024-02-16 05:00:00,4637.4
2024-02-16 06:00:00,4729.8
2024-02-16 07:00:00,5216.0
2024-02-16 08:00:00,5812.1
2024-02-16 09:00:00,6595.3
2024-02-16 10:00:00,6935.3
2024-02-16 11:00:00,7017.3
2024-02-16 12:00:00,7495.2
2024-02-16 13:00:00,6661.6
2024-02-16 14:00:00,6926.2
2024-02-16 15:00:00,6996.9
2024-02-16 16:00:00,6547.2
2024-02-16 17:00:00,6655.2
2024-02-16 18:00:00,6694.9
2024-02-16 19:00:00,7206.7
2024-02-16 20:00:00,7492.8
2024-02-16 21:00:00,7321.3
2024-02-16 22:00:00,6848.3
2024-02-16 23:00:00,6248.5
2024-02-17 00:00:00,6219.4
2024-02-17 01:00:00,5881.5
2024-02-17 02:00:00,5404.0
2024-02-17 03:00:00,5359.7
2024-02-17 04:00:00,5226.1
2024-02-17 05:00:00,5153.0
2024-02-17 06:00:00,5178.9
2024-02-17 07:00:00,5299.4
2024-02-17 08:00:00,5230.3
2024-02-17 09:00:00,5880.4
2024-02-17 10:00:00,6236.1
2024-02-17 11:00:00,7569.5
2024-02-17 12:00:00,7761.5
2024-02-17 13:00:00,7809.9
2024-02-17 14:00:00,7588.1
2024-02-17 15:00:00,7166.6
2024-02-17 16:00:00,7112.5
2024-02-17 17:00:00,5991.4
2024-02-17 18:00:00,5631.3
2024-02-17 19:00:00,6319.7
2024-02-17 20:00:00,6685.2
2024-02-17 21:00:00,6554.5
2024-02-17 22:00:00,6104.5
2024-02-17 23:00:00,5758.2
2024-02-18 00:00:00,5216.7
2024-02-18 01:00:00,4861.8
2024-02-18 02:00:00,4564.4
2024-02-18 03:00:00,4308.7
2024-02-18 04:00:00,4171.1
2024-02-18 05:00:00,4110.7
2024-02-18 06:00:00,4130.4
2024-02-18 07:00:00,4206.9
2024-02-18 08:00:00,4242.1
2024-02-18 09:00:00,4573.6
2024-02-18 10:00:00,5424.2
2024-02-18 11:00:00,6963.8
2024-02-18 12:00:00,7411.2
2024-02-18 13:00:00,7674.9
2024-02-18 14:00:00,7391.5
2024-02-18 15:00:00,7182.0
2024-02-18 16:00:00,6991.6
2024-02-18 17:00:00,5284.7
2024-02-18 18:00:00,5464.0
2024-02-18 19:00:00,6051.7
2024-02-18 20:00:00,6451.3
2024-02-18 21:00:00,6426.8
2024-02-18 22:00:00,6077.2
2024-02-18 23:00:00,5715.0
2024-02-19 00:00:00,5305.5
2024-02-19 01:00:00,4975.1
2024-02-19 02:00:00,4631.9
2024-02-19 03:00:00,4442.1
2024-02-19 04:00:00,4255.7
2024-02-19 05:00:00,4504.4
2024-02-19 06:00:00,4425.8
2024-02-19 07:00:00,4896.2
2024-02-19 08:00:00,5431.6
2024-02-19 09:00:00,6350.6
2024-02-19 10:00:00,7425.0
2024-02-19 11:00:00,7688.7
2024-02-19 12:00:00,8056.9
2024-02-19 13:00:00,8036.9
2024-02-19 14:00:00,7997.9
2024-02-19 15:00:00,8298.2
2024-02-19 16:00:00,7435.3
2024-02-19 17:00:00,6511.3
2024-02-19 18:00:00,6713.2
2024-02-19 19:00:00,7077.2
2024-02-19 20:00:00,7437.6
2024-02-19 21:00:00,7251.9
2024-02-19 22:00:00,6876.6
2024-02-19 23:00:00,6282.2
2024-02-20 00:00:00,5711.8
2024-02-20 01:00:00,5286.1
2024-02-20 02:00:00,5924.6
2024-02-20 03:00:00,5665.8
2024-02-20 04:00:00,5183.8
2024-02-20 05:00:00,4489.8
2024-02-20 06:00:00,4597.1
2024-02-20 07:00:00,4993.9
2024-02-20 08:00:00,5639.0
2024-02-20 09:00:00,6367.4
2024-02-20 10:00:00,7686.6
2024-02-20 11:00:00,8165.6
2024-02-20 12:00:00,8081.9
2024-02-20 13:00:00,7962.1
2024-02-20 14:00:00,8119.6
2024-02-20 15:00:00,7661.4
2024-02-20 16:00:00,7556.1
2024-02-20 17:00:00,6493.4
2024-02-20 18:00:00,6605.2
2024-02-20 19:00:00,7102.8
2024-02-20 20:00:00,7421.5
2024-02-20 21:00:00,7349.9
2024-02-20 22:00:00,6936.4
2024-02-20 23:00:00,6357.8
2024-02-21 00:00:00,5700.2
2024-02-21 01:00:00,5144.9
2024-02-21 02:00:00,4809.6
2024-02-21 03:00:00,4553.2
2024-02-21 04:00:00,4439.7
2024-02-21 05:00:00,4386.6
2024-02-21 06:00:00,4528.9
2024-02-21 07:00:00,5011.0
2024-02-21 08:00:00,5711.2
2024-02-21 09:00:00,6640.2
2024-02-21 10:00:00,7205.1
2024-02-21 11:00:00,7178.4
2024-02-21 12:00:00,7272.8
2024-02-21 13:00:00,7010.3
2024-02-21 14:00:00,7322.0
2024-02-21 15:00:00,7530.1
2024-02-21 16:00:00,6953.1
2024-02-21 17:00:00,6910.3
2024-02-21 18:00:00,6717.5
2024-02-21 19:00:00,7025.1
2024-02-21 20:00:00,7502.8
2024-02-21 21:00:00,7382.3
2024-02-21 22:00:00,6827.0
2024-02-21 23:00:00,6611.5
2024-02-22 00:00:00,5782.8
2024-02-22 01:00:00,5247.8
2024-02-22 02:00:00,5127.1
2024-02-22 03:00:00,4907.1
2024-02-22 04:00:00,4971.6
2024-02-22 05:00:00,4777.1
2024-02-22 06:00:00,4542.8
2024-02-22 07:00:00,5109.7
2024-02-22 08:00:00,5754.5
2024-02-22 09:00:00,6969.7
2024-02-22 10:00:00,7859.7
2024-02-22 11:00:00,8262.7
2024-02-22 12:00:00,9153.5
2024-02-22 13:00:00,9069.2
2024-02-22 14:00:00,8933.9
2024-02-22 15:00:00,9050.8
2024-02-22 16:00:00,8813.4
2024-02-22 17:00:00,7999.9
2024-02-22 18:00:00,7731.0
2024-02-22 19:00:00,8261.0
2024-02-22 20:00:00,7997.9
2024-02-22 21:00:00,7814.3
2024-02-22 22:00:00,7847.8
2024-02-22 23:00:00,7542.4
2024-02-23 00:00:00,6185.7
2024-02-23 01:00:00,7113.2
2024-02-23 02:00:00,7082.5
2024-02-23 03:00:00,6847.9
2024-02-23 04:00:00,6712.3
2024-02-23 05:00:00,6538.4
2024-02-23 06:00:00,5753.0
2024-02-23 07:00:00,5559.0
2024-02-23 08:00:00,6202.0
2024-02-23 09:00:00,7718.1
2024-02-23 10:00:00,8736.0
2024-02-23 11:00:00,8971.0
2024-02-23 12:00:00,9025.6
2024-02-23 13:00:00,8732.6
2024-02-23 14:00:00,8762.5
2024-02-23 15:00:00,8879.8
2024-02-23 16:00:00,8766.3
2024-02-23 17:00:00,8774.6
2024-02-23 18:00:00,7207.6
2024-02-23 19:00:00,7319.8
2024-02-23 20:00:00,7718.6
2024-02-23 21:00:00,7539.0
2024-02-23 22:00:00,6983.8
2024-02-23 23:00:00,6645.5
2024-02-24 00:00:00,6751.4
2024-02-24 01:00:00,7067.9
2024-02-24 02:00:00,6871.7
2024-02-24 03:00:00,6621.5
2024-02-24 04:00:00,6246.1
2024-02-24 05:00:00,6177.8
2024-02-24 06:00:00,5612.2
2024-02-24 07:00:00,5181.5
2024-02-24 08:00:00,5372.4
2024-02-24 09:00:00,7099.9
2024-02-24 10:00:00,7633.3
2024-02-24 11:00:00,7889.1
2024-02-24 12:00:00,7953.4
2024-02-24 13:00:00,7984.4
2024-02-24 14:00:00,7780.5
2024-02-24 15:00:00,7672.3
2024-02-24 16:00:00,7532.6
2024-02-24 17:00:00,7401.7
2024-02-24 18:00:00,6319.2
2024-02-24 19:00:00,6381.3
2024-02-24 20:00:00,6853.7
2024-02-24 21:00:00,6761.8
2024-02-24 22:00:00,6318.9
2024-02-24 23:00:00,6402.5
2024-02-25 00:00:00,6202.5
2024-02-25 01:00:00,5889.3
2024-02-25 02:00:00,5508.4
2024-02-25 03:00:00,5222.1
2024-02-25 04:00:00,5074.3
2024-02-25 05:00:00,5035.4
2024-02-25 06:00:00,5019.7
2024-02-25 07:00:00,5127.6
2024-02-25 08:00:00,5188.8
2024-02-25 09:00:00,5502.6
2024-02-25 10:00:00,5889.0
2024-02-25 11:00:00,6199.4
2024-02-25 12:00:00,6479.7
2024-02-25 13:00:00,6778.8
2024-02-25 14:00:00,6635.5
2024-02-25 15:00:00,6469.5
2024-02-25 16:00:00,6387.7
2024-02-25 17:00:00,6116.5
2024-02-25 18:00:00,6268.7
2024-02-25 19:00:00,6477.7
2024-02-25 20:00:00,6560.7
2024-02-25 21:00:00,6554.7
2024-02-25 22:00:00,6699.2
2024-02-25 23:00:00,6666.3
2024-02-26 00:00:00,5740.7
2024-02-26 01:00:00,5308.6
2024-02-26 02:00:00,5021.0
2024-02-26 03:00:00,5183.9
2024-02-26 04:00:00,4705.8
2024-02-26 05:00:00,4407.9
2024-02-26 06:00:00,4603.8
2024-02-26 07:00:00,4897.0
2024-02-26 08:00:00,5609.5
2024-02-26 09:00:00,6682.7
2024-02-26 10:00:00,7517.2
2024-02-26 11:00:00,7729.9
2024-02-26 12:00:00,8012.4
2024-02-26 13:00:00,8050.9
2024-02-26 14:00:00,8407.8
2024-02-26 15:00:00,8543.7
2024-02-26 16:00:00,7908.2
2024-02-26 17:00:00,8004.0
2024-02-26 18:00:00,7893.5
2024-02-26 19:00:00,7312.4
2024-02-26 20:00:00,7748.8
2024-02-26 21:00:00,7618.6
2024-02-26 22:00:00,7349.9
2024-02-26 23:00:00,6973.2
2024-02-27 00:00:00,5949.8
2024-02-27 01:00:00,5491.4
2024-02-27 02:00:00,5365.5
2024-02-27 03:00:00,5119.2
2024-02-27 04:00:00,5026.0
2024-02-27 05:00:00,5019.4
2024-02-27 06:00:00,4857.3
2024-02-27 07:00:00,5376.7
2024-02-27 08:00:00,6112.8
2024-02-27 09:00:00,6834.6
2024-02-27 10:00:00,8062.2
2024-02-27 11:00:00,7986.4
2024-02-27 12:00:00,7990.7
2024-02-27 13:00:00,7798.5
2024-02-27 14:00:00,7690.9
2024-02-27 15:00:00,7588.0
2024-02-27 16:00:00,7466.5
2024-02-27 17:00:00,6664.1
2024-02-27 18:00:00,6846.2
2024-02-27 19:00:00,7384.5
2024-02-27 20:00:00,7948.9
2024-02-27 21:00:00,7827.8
2024-02-27 22:00:00,7315.2
2024-02-27 23:00:00,6667.3
2024-02-28 00:00:00,6596.0
2024-02-28 01:00:00,6041.1
2024-02-28 02:00:00,5642.3
2024-02-28 03:00:00,5387.4
2024-02-28 04:00:00,5299.5
2024-02-28 05:00:00,5298.6
2024-02-28 06:00:00,5383.4
2024-02-28 07:00:00,5443.9
2024-02-28 08:00:00,6159.7
2024-02-28 09:00:00,7768.1
2024-02-28 10:00:00,7876.9
2024-02-28 11:00:00,7724.8
2024-02-28 12:00:00,7977.6
2024-02-28 13:00:00,7743.5
2024-02-28 14:00:00,7660.1
2024-02-28 15:00:00,7828.9
2024-02-28 16:00:00,7686.9
2024-02-28 17:00:00,7572.8
2024-02-28 18:00:00,6891.2
2024-02-28 19:00:00,7429.7
2024-02-28 20:00:00,7958.4
2024-02-28 21:00:00,7811.4
2024-02-28 22:00:00,7348.6
2024-02-28 23:00:00,6685.4
2024-02-29 00:00:00,6040.9
2024-02-29 01:00:00,5631.7
2024-02-29 02:00:00,5251.2
2024-02-29 03:00:00,5000.7
2024-02-29 04:00:00,4900.2
2024-02-29 05:00:00,4887.9
2024-02-29 06:00:00,5035.3
2024-02-29 07:00:00,5519.8
2024-02-29 08:00:00,6222.3
2024-02-29 09:00:00,7012.9
2024-02-29 10:00:00,8157.6
2024-02-29 11:00:00,8210.9
2024-02-29 12:00:00,8327.1
2024-02-29 13:00:00,8108.4
2024-02-29 14:00:00,7946.5
2024-02-29 15:00:00,8017.0
2024-02-29 16:00:00,7868.5
2024-02-29 17:00:00,7850.4
2024-02-29 18:00:00,7433.3
2024-02-29 19:00:00,7550.9
2024-02-29 20:00:00,8171.4
2024-02-29 21:00:00,7994.8
2024-02-29 22:00:00,7373.6
2024-02-29 23:00:00,6777.5
2024-03-01 00:00:00,5972.8
2024-03-01 01:00:00,5867.1
2024-03-01 02:00:00,5512.2
2024-03-01 03:00:00,5300.8
2024-03-01 04:00:00,5199.2
2024-03-01 05:00:00,5201.4
2024-03-01 06:00:00,4923.5
2024-03-01 07:00:00,6071.7
2024-03-01 08:00:00,6791.3
2024-03-01 09:00:00,7794.8
2024-03-01 10:00:00,8342.3
2024-03-01 11:00:00,8203.9
2024-03-01 12:00:00,8232.6
2024-03-01 13:00:00,8075.8
2024-03-01 14:00:00,7999.4
2024-03-01 15:00:00,8174.1
2024-03-01 16:00:00,8101.3
2024-03-01 17:00:00,8036.5
2024-03-01 18:00:00,7670.6
2024-03-01 19:00:00,7586.6
2024-03-01 20:00:00,8189.3
2024-03-01 21:00:00,7990.5
2024-03-01 22:00:00,7425.6
2024-03-01 23:00:00,6809.4
2024-03-02 00:00:00,6635.9
2024-03-02 01:00:00,5991.6
2024-03-02 02:00:00,6041.8
2024-03-02 03:00:00,5875.5
2024-03-02 04:00:00,5993.2
2024-03-02 05:00:00,5920.7
2024-03-02 06:00:00,5538.1
2024-03-02 07:00:00,5264.7
2024-03-02 08:00:00,5374.4
2024-03-02 09:00:00,6232.4
2024-03-02 10:00:00,7015.0
2024-03-02 11:00:00,7298.7
2024-03-02 12:00:00,7824.8
2024-03-02 13:00:00,7780.5
2024-03-02 14:00:00,7424.2
2024-03-02 15:00:00,7379.1
2024-03-02 16:00:00,7167.4
2024-03-02 17:00:00,6398.7
2024-03-02 18:00:00,6539.9
2024-03-02 19:00:00,6692.7
2024-03-02 20:00:00,7214.5
2024-03-02 21:00:00,7110.5
2024-03-02 22:00:00,6684.7
2024-03-02 23:00:00,6716.3
2024-03-03 00:00:00,5911.3
2024-03-03 01:00:00,6056.7
2024-03-03 02:00:00,6112.2
2024-03-03 03:00:00,5834.4
2024-03-03 04:00:00,5715.1
2024-03-03 05:00:00,5626.8
2024-03-03 06:00:00,5242.4
2024-03-03 07:00:00,5094.1
2024-03-03 08:00:00,5813.5
2024-03-03 09:00:00,6524.5
2024-03-03 10:00:00,7324.6
2024-03-03 11:00:00,7511.4
2024-03-03 12:00:00,7739.7
2024-03-03 13:00:00,7859.5
2024-03-03 14:00:00,7636.3
2024-03-03 15:00:00,7538.3
2024-03-03 16:00:00,7526.7
2024-03-03 17:00:00,7630.5
2024-03-03 18:00:00,5889.3
2024-03-03 19:00:00,6310.1
2024-03-03 20:00:00,7016.9
2024-03-03 21:00:00,6937.9
2024-03-03 22:00:00,6576.3
2024-03-03 23:00:00,6147.1
2024-03-04 00:00:00,5529.4
2024-03-04 01:00:00,5172.7
2024-03-04 02:00:00,4857.5
2024-03-04 03:00:00,4638.6
2024-03-04 04:00:00,4537.2
2024-03-04 05:00:00,4516.2
2024-03-04 06:00:00,4719.1
2024-03-04 07:00:00,5291.5
2024-03-04 08:00:00,6102.6
2024-03-04 09:00:00,6870.2
2024-03-04 10:00:00,7081.1
2024-03-04 11:00:00,7043.0
2024-03-04 12:00:00,7039.8
2024-03-04 13:00:00,7523.5
2024-03-04 14:00:00,7593.9
2024-03-04 15:00:00,8033.3
2024-03-04 16:00:00,7719.3
2024-03-04 17:00:00,7004.5
2024-03-04 18:00:00,7160.0
2024-03-04 19:00:00,7632.3
2024-03-04 20:00:00,8250.6
2024-03-04 21:00:00,8129.2
2024-03-04 22:00:00,7614.0
2024-03-04 23:00:00,6938.9
2024-03-05 00:00:00,6274.0
2024-03-05 01:00:00,5675.6
2024-03-05 02:00:00,5331.3
2024-03-05 03:00:00,5060.0
2024-03-05 04:00:00,4912.3
2024-03-05 05:00:00,4896.0
2024-03-05 06:00:00,5025.1
2024-03-05 07:00:00,5523.0
2024-03-05 08:00:00,6080.8
2024-03-05 09:00:00,6787.1
2024-03-05 10:00:00,7797.5
2024-03-05 11:00:00,7736.1
2024-03-05 12:00:00,7795.1
2024-03-05 13:00:00,7650.9
2024-03-05 14:00:00,7664.9
2024-03-05 15:00:00,7669.2
2024-03-05 16:00:00,7682.8
2024-03-05 17:00:00,6928.6
2024-03-05 18:00:00,7046.3
2024-03-05 19:00:00,7491.1
2024-03-05 20:00:00,8133.2
2024-03-05 21:00:00,8046.0
2024-03-05 22:00:00,7527.4
2024-03-05 23:00:00,6911.7
2024-03-06 00:00:00,6108.7
2024-03-06 01:00:00,5605.9
2024-03-06 02:00:00,5196.9
2024-03-06 03:00:00,4971.1
2024-03-06 04:00:00,4861.6
2024-03-06 05:00:00,4821.0
2024-03-06 06:00:00,4953.3
2024-03-06 07:00:00,5433.6
2024-03-06 08:00:00,6134.2
2024-03-06 09:00:00,6957.3
2024-03-06 10:00:00,7042.9
2024-03-06 11:00:00,7334.8
2024-03-06 12:00:00,7683.0
2024-03-06 13:00:00,7608.1
2024-03-06 14:00:00,7739.0
2024-03-06 15:00:00,7706.4
2024-03-06 16:00:00,7225.9
2024-03-06 17:00:00,6750.6
2024-03-06 18:00:00,6947.6
2024-03-06 19:00:00,7505.0
2024-03-06 20:00:00,8067.4
2024-03-06 21:00:00,8048.5
2024-03-06 22:00:00,7599.6
2024-03-06 23:00:00,7008.1
2024-03-07 00:00:00,6188.9
2024-03-07 01:00:00,5657.0
2024-03-07 02:00:00,6000.0
2024-03-07 03:00:00,6013.4
2024-03-07 04:00:00,5842.5
2024-03-07 05:00:00,5803.2
2024-03-07 06:00:00,5022.5
2024-03-07 07:00:00,5340.8
2024-03-07 08:00:00,6118.1
2024-03-07 09:00:00,7797.9
2024-03-07 10:00:00,8735.9
2024-03-07 11:00:00,8980.7
2024-03-07 12:00:00,9230.5
2024-03-07 13:00:00,9019.1
2024-03-07 14:00:00,9064.8
2024-03-07 15:00:00,9267.5
2024-03-07 16:00:00,9207.5
2024-03-07 17:00:00,8942.6
2024-03-07 18:00:00,7890.6
2024-03-07 19:00:00,7616.0
2024-03-07 20:00:00,8233.2
2024-03-07 21:00:00,8177.8
2024-03-07 22:00:00,7554.8
2024-03-07 23:00:00,7783.9
2024-03-08 00:00:00,6159.3
2024-03-08 01:00:00,6448.3
2024-03-08 02:00:00,6407.3
2024-03-08 03:00:00,6251.1
2024-03-08 04:00:00,6140.1
2024-03-08 05:00:00,6045.9
2024-03-08 06:00:00,5728.6
2024-03-08 07:00:00,5470.6
2024-03-08 08:00:00,6236.9
2024-03-08 09:00:00,7780.6
2024-03-08 10:00:00,8708.1
2024-03-08 11:00:00,8893.1
2024-03-08 12:00:00,8954.4
2024-03-08 13:00:00,8821.7
2024-03-08 14:00:00,8989.8
2024-03-08 15:00:00,9181.8
2024-03-08 16:00:00,9155.9
2024-03-08 17:00:00,8243.1
2024-03-08 18:00:00,8093.5
2024-03-08 19:00:00,7493.3
2024-03-08 20:00:00,7954.8
2024-03-08 21:00:00,7760.2
2024-03-08 22:00:00,7265.3
2024-03-08 23:00:00,7617.1
2024-03-09 00:00:00,7071.0
2024-03-09 01:00:00,6959.1
2024-03-09 02:00:00,6536.2
2024-03-09 03:00:00,6253.2
2024-03-09 04:00:00,6021.2
2024-03-09 05:00:00,5950.1
2024-03-09 06:00:00,5938.1
2024-03-09 07:00:00,6161.4
2024-03-09 08:00:00,5961.9
2024-03-09 09:00:00,6239.0
2024-03-09 10:00:00,6607.4
2024-03-09 11:00:00,6807.8
2024-03-09 12:00:00,7542.6
2024-03-09 13:00:00,7617.4
2024-03-09 14:00:00,7486.1
2024-03-09 15:00:00,7336.4
2024-03-09 16:00:00,7306.9
2024-03-09 17:00:00,7380.4
2024-03-09 18:00:00,6918.4
2024-03-09 19:00:00,7066.7
2024-03-09 20:00:00,7243.8
2024-03-09 21:00:00,7686.1
2024-03-09 22:00:00,7172.0
2024-03-09 23:00:00,6671.2
2024-03-10 00:00:00,6688.4
2024-03-10 01:00:00,6135.0
2024-03-10 02:00:00,5740.0
2024-03-10 03:00:00,5437.5
2024-03-10 04:00:00,5289.0
2024-03-10 05:00:00,5206.7
2024-03-10 06:00:00,5204.4
2024-03-10 07:00:00,5284.3
2024-03-10 08:00:00,5322.8
2024-03-10 09:00:00,5585.7
2024-03-10 10:00:00,5971.5
2024-03-10 11:00:00,6327.8
2024-03-10 12:00:00,6633.2
2024-03-10 13:00:00,6763.6
2024-03-10 14:00:00,6525.1
2024-03-10 15:00:00,6230.9
2024-03-10 16:00:00,6178.9
2024-03-10 17:00:00,6254.9
2024-03-10 18:00:00,6416.2
2024-03-10 19:00:00,6043.1
2024-03-10 20:00:00,6809.0
2024-03-10 21:00:00,6911.1
2024-03-10 22:00:00,6534.2
2024-03-10 23:00:00,6582.0
2024-03-11 00:00:00,5811.2
2024-03-11 01:00:00,5554.1
2024-03-11 02:00:00,5202.9
2024-03-11 03:00:00,4995.6
2024-03-11 04:00:00,4815.2
2024-03-11 05:00:00,4688.7
2024-03-11 06:00:00,4591.7
2024-03-11 07:00:00,4905.6
2024-03-11 08:00:00,5703.9
2024-03-11 09:00:00,6855.4
2024-03-11 10:00:00,7114.8
2024-03-11 11:00:00,7021.6
2024-03-11 12:00:00,7259.3
2024-03-11 13:00:00,7150.3
2024-03-11 14:00:00,7025.2
2024-03-11 15:00:00,7133.2
2024-03-11 16:00:00,7096.6
2024-03-11 17:00:00,6947.6
2024-03-11 18:00:00,6846.2
2024-03-11 19:00:00,7275.4
2024-03-11 20:00:00,7963.6
2024-03-11 21:00:00,7877.0
2024-03-11 22:00:00,7370.3
2024-03-11 23:00:00,6777.8
2024-03-12 00:00:00,6052.5
2024-03-12 01:00:00,5459.6
2024-03-12 02:00:00,5136.1
2024-03-12 03:00:00,4934.8
2024-03-12 04:00:00,4823.7
2024-03-12 05:00:00,4778.0
2024-03-12 06:00:00,4910.3
2024-03-12 07:00:00,5358.0
2024-03-12 08:00:00,6149.5
2024-03-12 09:00:00,6788.3
2024-03-12 10:00:00,6917.5
2024-03-12 11:00:00,6778.0
2024-03-12 12:00:00,7077.0
2024-03-12 13:00:00,7055.6
2024-03-12 14:00:00,6948.9
2024-03-12 15:00:00,6812.4
2024-03-12 16:00:00,6808.4
2024-03-12 17:00:00,6693.7
2024-03-12 18:00:00,6867.4
2024-03-12 19:00:00,7369.6
2024-03-12 20:00:00,8019.2
2024-03-12 21:00:00,7932.1
2024-03-12 22:00:00,7442.8
2024-03-12 23:00:00,6860.0
2024-03-13 00:00:00,6165.0
2024-03-13 01:00:00,5498.0
2024-03-13 02:00:00,5129.7
2024-03-13 03:00:00,4922.2
2024-03-13 04:00:00,4797.5
2024-03-13 05:00:00,4743.1
2024-03-13 06:00:00,4920.5
2024-03-13 07:00:00,5374.6
2024-03-13 08:00:00,6132.9
2024-03-13 09:00:00,6773.4
2024-03-13 10:00:00,6844.1
2024-03-13 11:00:00,7974.3
2024-03-13 12:00:00,8131.2
2024-03-13 13:00:00,7981.4
2024-03-13 14:00:00,7934.6
2024-03-13 15:00:00,8057.1
2024-03-13 16:00:00,7825.0
2024-03-13 17:00:00,6613.0
2024-03-13 18:00:00,6734.8
2024-03-13 19:00:00,7164.4
2024-03-13 20:00:00,7745.7
2024-03-13 21:00:00,7591.0
2024-03-13 22:00:00,7075.3
2024-03-13 23:00:00,6399.8
2024-03-14 00:00:00,5906.8
2024-03-14 01:00:00,5272.0
2024-03-14 02:00:00,4885.8
2024-03-14 03:00:00,4665.0
2024-03-14 04:00:00,4594.7
2024-03-14 05:00:00,4588.7
2024-03-14 06:00:00,4698.5
2024-03-14 07:00:00,5173.0
2024-03-14 08:00:00,5969.3
2024-03-14 09:00:00,6746.1
2024-03-14 10:00:00,7091.2
2024-03-14 11:00:00,7049.8
2024-03-14 12:00:00,7935.9
2024-03-14 13:00:00,8145.8
2024-03-14 14:00:00,8692.6
2024-03-14 15:00:00,8869.3
2024-03-14 16:00:00,8119.1
2024-03-14 17:00:00,6724.9
2024-03-14 18:00:00,6858.4
2024-03-14 19:00:00,7161.7
2024-03-14 20:00:00,7726.9
2024-03-14 21:00:00,7525.1
2024-03-14 22:00:00,7038.2
2024-03-14 23:00:00,6392.5
2024-03-15 00:00:00,5966.4
2024-03-15 01:00:00,5474.1
2024-03-15 02:00:00,5144.7
2024-03-15 03:00:00,4981.7
2024-03-15 04:00:00,4916.1
2024-03-15 05:00:00,4822.3
2024-03-15 06:00:00,4948.2
2024-03-15 07:00:00,5294.7
2024-03-15 08:00:00,6002.3
2024-03-15 09:00:00,6760.3
2024-03-15 10:00:00,7383.6
2024-03-15 11:00:00,7983.5
2024-03-15 12:00:00,8065.3
2024-03-15 13:00:00,7923.4
2024-03-15 14:00:00,8074.0
2024-03-15 15:00:00,8277.7
2024-03-15 16:00:00,7545.3
2024-03-15 17:00:00,6684.6
2024-03-15 18:00:00,6709.1
2024-03-15 19:00:00,6922.6
2024-03-15 20:00:00,7506.3
2024-03-15 21:00:00,7320.1
2024-03-15 22:00:00,6865.1
2024-03-15 23:00:00,6314.7
2024-03-16 00:00:00,5773.6
2024-03-16 01:00:00,5179.9
2024-03-16 02:00:00,4811.6
2024-03-16 03:00:00,4555.9
2024-03-16 04:00:00,4452.4
2024-03-16 05:00:00,4351.7
2024-03-16 06:00:00,4328.4
2024-03-16 07:00:00,4492.3
2024-03-16 08:00:00,4768.6
2024-03-16 09:00:00,5538.6
2024-03-16 10:00:00,7273.3
2024-03-16 11:00:00,7997.1
2024-03-16 12:00:00,8015.6
2024-03-16 13:00:00,8055.9
2024-03-16 14:00:00,7863.0
2024-03-16 15:00:00,7714.4
2024-03-16 16:00:00,7691.3
2024-03-16 17:00:00,5984.2
2024-03-16 18:00:00,5462.0
2024-03-16 19:00:00,5868.5
2024-03-16 20:00:00,6487.4
2024-03-16 21:00:00,6395.3
2024-03-16 22:00:00,5964.3
2024-03-16 23:00:00,5674.1
2024-03-17 00:00:00,5152.6
2024-03-17 01:00:00,4858.0
2024-03-17 02:00:00,4417.3
2024-03-17 03:00:00,4127.2
2024-03-17 04:00:00,3976.3
2024-03-17 05:00:00,3965.8
2024-03-17 06:00:00,4031.6
2024-03-17 07:00:00,4029.8
2024-03-17 08:00:00,5134.4
2024-03-17 09:00:00,5195.6
2024-03-17 10:00:00,6624.4
2024-03-17 11:00:00,7284.2
2024-03-17 12:00:00,7489.0
2024-03-17 13:00:00,7573.1
2024-03-17 14:00:00,7313.4
2024-03-17 15:00:00,7145.9
2024-03-17 16:00:00,6485.6
2024-03-17 17:00:00,4746.2
2024-03-17 18:00:00,4806.1
2024-03-17 19:00:00,5312.3
2024-03-17 20:00:00,6029.8
2024-03-17 21:00:00,6133.6
2024-03-17 22:00:00,5848.4
2024-03-17 23:00:00,5529.3
2024-03-18 00:00:00,5124.8
2024-03-18 01:00:00,4830.1
2024-03-18 02:00:00,4558.8
2024-03-18 03:00:00,4337.3
2024-03-18 04:00:00,4229.3
2024-03-18 05:00:00,4248.9
2024-03-18 06:00:00,4425.7
2024-03-18 07:00:00,4917.7
2024-03-18 08:00:00,5474.6
2024-03-18 09:00:00,6305.4
2024-03-18 10:00:00,6570.5
2024-03-18 11:00:00,6622.7
2024-03-18 12:00:00,6742.4
2024-03-18 13:00:00,6582.7
2024-03-18 14:00:00,6473.5
2024-03-18 15:00:00,6628.6
2024-03-18 16:00:00,6587.8
2024-03-18 17:00:00,6599.7
2024-03-18 18:00:00,6670.5
2024-03-18 19:00:00,7027.2
2024-03-18 20:00:00,7727.3
2024-03-18 21:00:00,7674.9
2024-03-18 22:00:00,7198.1
2024-03-18 23:00:00,6603.4
2024-03-19 00:00:00,5992.5
2024-03-19 01:00:00,5302.8
2024-03-19 02:00:00,4986.5
2024-03-19 03:00:00,4814.5
2024-03-19 04:00:00,4701.3
2024-03-19 05:00:00,4685.1
2024-03-19 06:00:00,4823.3
2024-03-19 07:00:00,5166.5
2024-03-19 08:00:00,5822.6
2024-03-19 09:00:00,6447.5
2024-03-19 10:00:00,6788.5
2024-03-19 11:00:00,7371.1
2024-03-19 12:00:00,7443.1
2024-03-19 13:00:00,7286.5
2024-03-19 14:00:00,7163.0
2024-03-19 15:00:00,7303.7
2024-03-19 16:00:00,7233.6
2024-03-19 17:00:00,6348.2
2024-03-19 18:00:00,6390.3
2024-03-19 19:00:00,6809.0
2024-03-19 20:00:00,7451.7
2024-03-19 21:00:00,7435.0
2024-03-19 22:00:00,6940.2
2024-03-19 23:00:00,6363.9
2024-03-20 00:00:00,5788.8
2024-03-20 01:00:00,5386.1
2024-03-20 02:00:00,5037.4
2024-03-20 03:00:00,4822.7
2024-03-20 04:00:00,4719.4
2024-03-20 05:00:00,4660.6
2024-03-20 06:00:00,4760.1
2024-03-20 07:00:00,5132.9
2024-03-20 08:00:00,5833.7
2024-03-20 09:00:00,6516.8
2024-03-20 10:00:00,7110.9
2024-03-20 11:00:00,7351.7
2024-03-20 12:00:00,7842.6
2024-03-20 13:00:00,8031.5
2024-03-20 14:00:00,7964.6
2024-03-20 15:00:00,8135.5
2024-03-20 16:00:00,7411.2
2024-03-20 17:00:00,7204.0
2024-03-20 18:00:00,6512.1
2024-03-20 19:00:00,6895.6
2024-03-20 20:00:00,7572.1
2024-03-20 21:00:00,7494.6
2024-03-20 22:00:00,7083.7
2024-03-20 23:00:00,6557.5
2024-03-21 00:00:00,5870.6
2024-03-21 01:00:00,5280.8
2024-03-21 02:00:00,5442.0
2024-03-21 03:00:00,4928.9
2024-03-21 04:00:00,4861.0
2024-03-21 05:00:00,4618.2
2024-03-21 06:00:00,4758.6
2024-03-21 07:00:00,5134.1
2024-03-21 08:00:00,5801.8
2024-03-21 09:00:00,6437.2
2024-03-21 10:00:00,7710.5
2024-03-21 11:00:00,8072.5
2024-03-21 12:00:00,8458.5
2024-03-21 13:00:00,8474.5
2024-03-21 14:00:00,8434.4
2024-03-21 15:00:00,8587.2
2024-03-21 16:00:00,8271.2
2024-03-21 17:00:00,7585.6
2024-03-21 18:00:00,6421.1
2024-03-21 19:00:00,6729.7
2024-03-21 20:00:00,7246.3
2024-03-21 21:00:00,7198.4
2024-03-21 22:00:00,6793.0
2024-03-21 23:00:00,6217.7
2024-03-22 00:00:00,5585.1
2024-03-22 01:00:00,5088.6
2024-03-22 02:00:00,4810.1
2024-03-22 03:00:00,4604.0
2024-03-22 04:00:00,4499.3
2024-03-22 05:00:00,4407.9
2024-03-22 06:00:00,4557.8
2024-03-22 07:00:00,4970.0
2024-03-22 08:00:00,5579.7
2024-03-22 09:00:00,6264.7
2024-03-22 10:00:00,7076.1
2024-03-22 11:00:00,7693.3
2024-03-22 12:00:00,7826.6
2024-03-22 13:00:00,7924.5
2024-03-22 14:00:00,7807.8
2024-03-22 15:00:00,7920.7
2024-03-22 16:00:00,7534.1
2024-03-22 17:00:00,6373.0
2024-03-22 18:00:00,6016.0
2024-03-22 19:00:00,6360.5
2024-03-22 20:00:00,6960.2
2024-03-22 21:00:00,6828.3
2024-03-22 22:00:00,6383.2
2024-03-22 23:00:00,5849.9
2024-03-23 00:00:00,6145.7
2024-03-23 01:00:00,5843.3
2024-03-23 02:00:00,5620.7
2024-03-23 03:00:00,5930.8
2024-03-23 04:00:00,6143.2
2024-03-23 05:00:00,6098.3
2024-03-23 06:00:00,6084.1
2024-03-23 07:00:00,6128.5
2024-03-23 08:00:00,6286.3
2024-03-23 09:00:00,6972.6
2024-03-23 10:00:00,7252.6
2024-03-23 11:00:00,7297.3
2024-03-23 12:00:00,7594.9
2024-03-23 13:00:00,7675.4
2024-03-23 14:00:00,7467.6
2024-03-23 15:00:00,7060.4
2024-03-23 16:00:00,7012.6
2024-03-23 17:00:00,6748.8
2024-03-23 18:00:00,5760.2
2024-03-23 19:00:00,6270.2
2024-03-23 20:00:00,6521.4
2024-03-23 21:00:00,6414.3
2024-03-23 22:00:00,6305.0
2024-03-23 23:00:00,5948.4
2024-03-24 00:00:00,5516.3
2024-03-24 01:00:00,5381.6
2024-03-24 02:00:00,5148.9
2024-03-24 03:00:00,4901.8
2024-03-24 04:00:00,4763.9
2024-03-24 05:00:00,4706.6
2024-03-24 06:00:00,4719.3
2024-03-24 07:00:00,4743.5
2024-03-24 08:00:00,4780.5
2024-03-24 09:00:00,5012.7
2024-03-24 10:00:00,5362.9
2024-03-24 11:00:00,6603.7
2024-03-24 12:00:00,6806.5
2024-03-24 13:00:00,6884.6
2024-03-24 14:00:00,6687.7
2024-03-24 15:00:00,5608.6
2024-03-24 16:00:00,5380.0
2024-03-24 17:00:00,5135.0
2024-03-24 18:00:00,4728.3
2024-03-24 19:00:00,5206.5
2024-03-24 20:00:00,5736.2
2024-03-24 21:00:00,5820.5
2024-03-24 22:00:00,5670.1
2024-03-24 23:00:00,5275.9
2024-03-25 00:00:00,4873.8
2024-03-25 01:00:00,4617.6
2024-03-25 02:00:00,4356.8
2024-03-25 03:00:00,4187.4
2024-03-25 04:00:00,4127.9
2024-03-25 05:00:00,4140.1
2024-03-25 06:00:00,4312.3
2024-03-25 07:00:00,4638.1
2024-03-25 08:00:00,5349.8
2024-03-25 09:00:00,6141.1
2024-03-25 10:00:00,6231.7
2024-03-25 11:00:00,6138.8
2024-03-25 12:00:00,6165.6
2024-03-25 13:00:00,6640.2
2024-03-25 14:00:00,6530.2
2024-03-25 15:00:00,6662.4
2024-03-25 16:00:00,6732.3
2024-03-25 17:00:00,6854.4
2024-03-25 18:00:00,6348.3
2024-03-25 19:00:00,6589.0
2024-03-25 20:00:00,7273.7
2024-03-25 21:00:00,7207.6
2024-03-25 22:00:00,6734.5
2024-03-25 23:00:00,6237.8
2024-03-26 00:00:00,5713.4
2024-03-26 01:00:00,5239.4
2024-03-26 02:00:00,4929.3
2024-03-26 03:00:00,5197.9
2024-03-26 04:00:00,5321.5
2024-03-26 05:00:00,5319.6
2024-03-26 06:00:00,4753.3
2024-03-26 07:00:00,5103.9
2024-03-26 08:00:00,5788.0
2024-03-26 09:00:00,6863.3
2024-03-26 10:00:00,7710.2
2024-03-26 11:00:00,8462.0
2024-03-26 12:00:00,8552.0
2024-03-26 13:00:00,8403.5
2024-03-26 14:00:00,8331.9
2024-03-26 15:00:00,8476.3
2024-03-26 16:00:00,8094.0
2024-03-26 17:00:00,7514.6
2024-03-26 18:00:00,6766.9
2024-03-26 19:00:00,6693.8
2024-03-26 20:00:00,7522.2
2024-03-26 21:00:00,7453.6
2024-03-26 22:00:00,6940.4
2024-03-26 23:00:00,6368.0
2024-03-27 00:00:00,5740.0
2024-03-27 01:00:00,5815.8
2024-03-27 02:00:00,6140.5
2024-03-27 03:00:00,6282.1
2024-03-27 04:00:00,6192.7
2024-03-27 05:00:00,6091.2
2024-03-27 06:00:00,5724.1
2024-03-27 07:00:00,5649.3
2024-03-27 08:00:00,6519.4
2024-03-27 09:00:00,7311.5
2024-03-27 10:00:00,7931.1
2024-03-27 11:00:00,7840.4
2024-03-27 12:00:00,7929.2
2024-03-27 13:00:00,7766.8
2024-03-27 14:00:00,7665.8
2024-03-27 15:00:00,7946.9
2024-03-27 16:00:00,7879.9
2024-03-27 17:00:00,8000.7
2024-03-27 18:00:00,7376.6
2024-03-27 19:00:00,6904.5
2024-03-27 20:00:00,7517.6
2024-03-27 21:00:00,7470.7
2024-03-27 22:00:00,6961.5
2024-03-27 23:00:00,7401.0
2024-03-28 00:00:00,6663.2
2024-03-28 01:00:00,6805.0
2024-03-28 02:00:00,6481.2
2024-03-28 03:00:00,6296.0
2024-03-28 04:00:00,6227.4
2024-03-28 05:00:00,6207.7
2024-03-28 06:00:00,5969.0
2024-03-28 07:00:00,5993.6
2024-03-28 08:00:00,6677.3
2024-03-28 09:00:00,7841.2
2024-03-28 10:00:00,8120.4
2024-03-28 11:00:00,8198.0
2024-03-28 12:00:00,8240.0
2024-03-28 13:00:00,8103.4
2024-03-28 14:00:00,8007.4
2024-03-28 15:00:00,8231.9
2024-03-28 16:00:00,8246.2
2024-03-28 17:00:00,7828.8
2024-03-28 18:00:00,6799.2
2024-03-28 19:00:00,6951.4
2024-03-28 20:00:00,7472.4
2024-03-28 21:00:00,7349.2
2024-03-28 22:00:00,6881.9
2024-03-28 23:00:00,6313.0
2024-03-29 00:00:00,5730.9
2024-03-29 01:00:00,5162.3
2024-03-29 02:00:00,5494.2
2024-03-29 03:00:00,5264.4
2024-03-29 04:00:00,4645.6
2024-03-29 05:00:00,4229.5
2024-03-29 06:00:00,4230.8
2024-03-29 07:00:00,4292.4
2024-03-29 08:00:00,4571.3
2024-03-29 09:00:00,4998.3
2024-03-29 10:00:00,5232.9
2024-03-29 11:00:00,5319.6
2024-03-29 12:00:00,5735.5
2024-03-29 13:00:00,6038.1
2024-03-29 14:00:00,6117.9
2024-03-29 15:00:00,6193.0
2024-03-29 16:00:00,6122.7
2024-03-29 17:00:00,6036.9
2024-03-29 18:00:00,5497.9
2024-03-29 19:00:00,5861.5
2024-03-29 20:00:00,6630.3
2024-03-29 21:00:00,6467.0
2024-03-29 22:00:00,6164.8
2024-03-29 23:00:00,5690.1
2024-03-30 00:00:00,5319.2
2024-03-30 01:00:00,4911.8
2024-03-30 02:00:00,4518.0
2024-03-30 03:00:00,4266.4
2024-03-30 04:00:00,4119.2
2024-03-30 05:00:00,4054.6
2024-03-30 06:00:00,4039.3
2024-03-30 07:00:00,4021.9
2024-03-30 08:00:00,4182.1
2024-03-30 09:00:00,4886.6
2024-03-30 10:00:00,5602.4
2024-03-30 11:00:00,6059.2
2024-03-30 12:00:00,6245.3
2024-03-30 13:00:00,6410.4
2024-03-30 14:00:00,6255.6
2024-03-30 15:00:00,6218.8
2024-03-30 16:00:00,6170.3
2024-03-30 17:00:00,5234.0
2024-03-30 18:00:00,5492.6
2024-03-30 19:00:00,5859.0
2024-03-30 20:00:00,6574.7
2024-03-30 21:00:00,6447.5
2024-03-30 22:00:00,5909.1
2024-03-30 23:00:00,5501.5
2024-03-31 00:00:00,5122.3
2024-03-31 01:00:00,4500.5
2024-03-31 02:00:00,4675.8
2024-03-31 03:00:00,4631.7
2024-03-31 04:00:00,4340.9
2024-03-31 05:00:00,4286.1
2024-03-31 06:00:00,4251.4
2024-03-31 07:00:00,4305.3
2024-03-31 08:00:00,4655.0
2024-03-31 09:00:00,5091.8
2024-03-31 10:00:00,5708.8
2024-03-31 11:00:00,5989.5
2024-03-31 12:00:00,6042.7
2024-03-31 13:00:00,5812.0
2024-03-31 14:00:00,5570.3
2024-03-31 15:00:00,5510.8
2024-03-31 16:00:00,5464.7
2024-03-31 17:00:00,5574.9
2024-03-31 18:00:00,5896.3
2024-03-31 19:00:00,5292.1
2024-03-31 20:00:00,5876.9
2024-03-31 21:00:00,5722.6
2024-03-31 22:00:00,5342.2
2024-03-31 23:00:00,5342.2
2024-04-01 00:00:00,5171.6
2024-04-01 01:00:00,5472.2
2024-04-01 02:00:00,5212.4
2024-04-01 03:00:00,5000.8
2024-04-01 04:00:00,4896.6
2024-04-01 05:00:00,4882.6
2024-04-01 06:00:00,4959.4
2024-04-01 07:00:00,4645.3
2024-04-01 08:00:00,5130.8
2024-04-01 09:00:00,6382.2
2024-04-01 10:00:00,6708.2
2024-04-01 11:00:00,6739.2
2024-04-01 12:00:00,6895.7
2024-04-01 13:00:00,6712.4
2024-04-01 14:00:00,6634.5
2024-04-01 15:00:00,6784.1
2024-04-01 16:00:00,6726.9
2024-04-01 17:00:00,6797.4
2024-04-01 18:00:00,6852.6
2024-04-01 19:00:00,6741.4
2024-04-01 20:00:00,6663.5
2024-04-01 21:00:00,6877.6
2024-04-01 22:00:00,6584.9
2024-04-01 23:00:00,5982.7
2024-04-02 00:00:00,5549.7
2024-04-02 01:00:00,4977.9
2024-04-02 02:00:00,4639.8
2024-04-02 03:00:00,4859.2
2024-04-02 04:00:00,4732.0
2024-04-02 05:00:00,4249.1
2024-04-02 06:00:00,4489.9
2024-04-02 07:00:00,4813.1
2024-04-02 08:00:00,5468.7
2024-04-02 09:00:00,6280.9
2024-04-02 10:00:00,7038.0
2024-04-02 11:00:00,7300.3
2024-04-02 12:00:00,7435.6
2024-04-02 13:00:00,7308.0
2024-04-02 14:00:00,7232.1
2024-04-02 15:00:00,7448.6
2024-04-02 16:00:00,7333.5
2024-04-02 17:00:00,7183.0
2024-04-02 18:00:00,7055.3
2024-04-02 19:00:00,6756.0
2024-04-02 20:00:00,7156.4
2024-04-02 21:00:00,7319.2
2024-04-02 22:00:00,6913.3
2024-04-02 23:00:00,6352.1
2024-04-03 00:00:00,5780.4
2024-04-03 01:00:00,5239.1
2024-04-03 02:00:00,4855.8
2024-04-03 03:00:00,4654.3
2024-04-03 04:00:00,4668.4
2024-04-03 05:00:00,4435.2
2024-04-03 06:00:00,4472.0
2024-04-03 07:00:00,4844.2
2024-04-03 08:00:00,5524.8
2024-04-03 09:00:00,6276.3
2024-04-03 10:00:00,6509.0
2024-04-03 11:00:00,6496.1
2024-04-03 12:00:00,6833.3
2024-04-03 13:00:00,6608.1
2024-04-03 14:00:00,6515.1
2024-04-03 15:00:00,6719.3
2024-04-03 16:00:00,6739.5
2024-04-03 17:00:00,6784.7
2024-04-03 18:00:00,6452.9
2024-04-03 19:00:00,6773.0
2024-04-03 20:00:00,7285.2
2024-04-03 21:00:00,7362.2
2024-04-03 22:00:00,6984.2
2024-04-03 23:00:00,6348.5
2024-04-04 00:00:00,5930.4
2024-04-04 01:00:00,5182.4
2024-04-04 02:00:00,4811.3
2024-04-04 03:00:00,4622.2
2024-04-04 04:00:00,4456.5
2024-04-04 05:00:00,4378.6
2024-04-04 06:00:00,4543.6
2024-04-04 07:00:00,5016.1
2024-04-04 08:00:00,5603.5
2024-04-04 09:00:00,6287.9
2024-04-04 10:00:00,6418.0
2024-04-04 11:00:00,7277.9
2024-04-04 12:00:00,7221.4
2024-04-04 13:00:00,7034.2
2024-04-04 14:00:00,6915.2
2024-04-04 15:00:00,7059.0
2024-04-04 16:00:00,6970.0
2024-04-04 17:00:00,7060.9
2024-04-04 18:00:00,7038.2
2024-04-04 19:00:00,6331.6
2024-04-04 20:00:00,6847.6
2024-04-04 21:00:00,7087.4
2024-04-04 22:00:00,6685.3
2024-04-04 23:00:00,6128.0
2024-04-05 00:00:00,5660.9
2024-04-05 01:00:00,5168.7
2024-04-05 02:00:00,4811.9
2024-04-05 03:00:00,5006.0
2024-04-05 04:00:00,4862.1
2024-04-05 05:00:00,4756.5
2024-04-05 06:00:00,4522.9
2024-04-05 07:00:00,4933.8
2024-04-05 08:00:00,5459.6
2024-04-05 09:00:00,6570.6
2024-04-05 10:00:00,6698.9
2024-04-05 11:00:00,6590.1
2024-04-05 12:00:00,6984.9
2024-04-05 13:00:00,6839.1
2024-04-05 14:00:00,6691.7
2024-04-05 15:00:00,6844.8
2024-04-05 16:00:00,6825.8
2024-04-05 17:00:00,6862.9
2024-04-05 18:00:00,6889.0
2024-04-05 19:00:00,6617.5
2024-04-05 20:00:00,6560.4
2024-04-05 21:00:00,6780.5
2024-04-05 22:00:00,6420.0
2024-04-05 23:00:00,6114.7
2024-04-06 00:00:00,5915.9
2024-04-06 01:00:00,5548.4
2024-04-06 02:00:00,5164.7
2024-04-06 03:00:00,4932.4
2024-04-06 04:00:00,4746.6
2024-04-06 05:00:00,4674.0
2024-04-06 06:00:00,4217.2
2024-04-06 07:00:00,4357.8
2024-04-06 08:00:00,4463.8
2024-04-06 09:00:00,5288.3
2024-04-06 10:00:00,5556.3
2024-04-06 11:00:00,5684.6
2024-04-06 12:00:00,5727.8
2024-04-06 13:00:00,5774.7
2024-04-06 14:00:00,5598.9
2024-04-06 15:00:00,5409.4
2024-04-06 16:00:00,5382.1
2024-04-06 17:00:00,5402.2
2024-04-06 18:00:00,5507.5
2024-04-06 19:00:00,5422.0
2024-04-06 20:00:00,5784.3
2024-04-06 21:00:00,6130.9
2024-04-06 22:00:00,5757.7
2024-04-06 23:00:00,5517.3
2024-04-07 00:00:00,4958.7
2024-04-07 01:00:00,4550.9
2024-04-07 02:00:00,4263.2
2024-04-07 03:00:00,4480.6
2024-04-07 04:00:00,4346.5
2024-04-07 05:00:00,4289.0
2024-04-07 06:00:00,4302.3
2024-04-07 07:00:00,4452.3
2024-04-07 08:00:00,4527.6
2024-04-07 09:00:00,4703.2
2024-04-07 10:00:00,4919.2
2024-04-07 11:00:00,5044.5
2024-04-07 12:00:00,5181.9
2024-04-07 13:00:00,5246.0
2024-04-07 14:00:00,5014.4
2024-04-07 15:00:00,4848.3
2024-04-07 16:00:00,4759.4
2024-04-07 17:00:00,4810.0
2024-04-07 18:00:00,4994.8
2024-04-07 19:00:00,5011.4
2024-04-07 20:00:00,5544.2
2024-04-07 21:00:00,5847.0
2024-04-07 22:00:00,5610.8
2024-04-07 23:00:00,5384.4
2024-04-08 00:00:00,4941.5
2024-04-08 01:00:00,4989.6
2024-04-08 02:00:00,4731.3
2024-04-08 03:00:00,4515.5
2024-04-08 04:00:00,4426.2
2024-04-08 05:00:00,4430.2
2024-04-08 06:00:00,4620.5
2024-04-08 07:00:00,4697.5
2024-04-08 08:00:00,5187.3
2024-04-08 09:00:00,6434.6
2024-04-08 10:00:00,6763.8
2024-04-08 11:00:00,6745.0
2024-04-08 12:00:00,6857.7
2024-04-08 13:00:00,6595.8
2024-04-08 14:00:00,6424.0
2024-04-08 15:00:00,6574.4
2024-04-08 16:00:00,6529.4
2024-04-08 17:00:00,6615.6
2024-04-08 18:00:00,6626.6
2024-04-08 19:00:00,6945.2
2024-04-08 20:00:00,6981.9
2024-04-08 21:00:00,7168.9
2024-04-08 22:00:00,6851.5
2024-04-08 23:00:00,6670.6
2024-04-09 00:00:00,5665.0
2024-04-09 01:00:00,5498.7
2024-04-09 02:00:00,5168.6
2024-04-09 03:00:00,4947.1
2024-04-09 04:00:00,4806.3
2024-04-09 05:00:00,4806.5
2024-04-09 06:00:00,4511.5
2024-04-09 07:00:00,5002.9
2024-04-09 08:00:00,5540.7
2024-04-09 09:00:00,6748.2
2024-04-09 10:00:00,6978.7
2024-04-09 11:00:00,6940.2
2024-04-09 12:00:00,6993.2
2024-04-09 13:00:00,6833.6
2024-04-09 14:00:00,6705.5
2024-04-09 15:00:00,6828.1
2024-04-09 16:00:00,6678.0
2024-04-09 17:00:00,6669.9
2024-04-09 18:00:00,6700.1
2024-04-09 19:00:00,6474.2
2024-04-09 20:00:00,6929.3
2024-04-09 21:00:00,7248.0
2024-04-09 22:00:00,6868.9
2024-04-09 23:00:00,6332.8
2024-04-10 00:00:00,5515.7
2024-04-10 01:00:00,5145.5
2024-04-10 02:00:00,4775.5
2024-04-10 03:00:00,4543.9
2024-04-10 04:00:00,4394.3
2024-04-10 05:00:00,4409.2
2024-04-10 06:00:00,4489.2
2024-04-10 07:00:00,4879.8
2024-04-10 08:00:00,5428.6
2024-04-10 09:00:00,6550.0
2024-04-10 10:00:00,6650.9
2024-04-10 11:00:00,6466.2
2024-04-10 12:00:00,6334.0
2024-04-10 13:00:00,6097.0
2024-04-10 14:00:00,5963.7
2024-04-10 15:00:00,6041.0
2024-04-10 16:00:00,6004.5
2024-04-10 17:00:00,6006.6
2024-04-10 18:00:00,6102.5
2024-04-10 19:00:00,6040.0
2024-04-10 20:00:00,6631.3
2024-04-10 21:00:00,7035.6
2024-04-10 22:00:00,6682.2
2024-04-10 23:00:00,6140.9
2024-04-11 00:00:00,5604.9
2024-04-11 01:00:00,5080.4
2024-04-11 02:00:00,4718.5
2024-04-11 03:00:00,4646.0
2024-04-11 04:00:00,4661.6
2024-04-11 05:00:00,4376.2
2024-04-11 06:00:00,4484.2
2024-04-11 07:00:00,4845.9
2024-04-11 08:00:00,5431.6
2024-04-11 09:00:00,6070.1
2024-04-11 10:00:00,6544.6
2024-04-11 11:00:00,6352.1
2024-04-11 12:00:00,6236.6
2024-04-11 13:00:00,6069.3
2024-04-11 14:00:00,5882.6
2024-04-11 15:00:00,5866.3
2024-04-11 16:00:00,5828.4
2024-04-11 17:00:00,5853.6
2024-04-11 18:00:00,6003.2
2024-04-11 19:00:00,5894.7
2024-04-11 20:00:00,6525.3
2024-04-11 21:00:00,6943.9
2024-04-11 22:00:00,6559.5
2024-04-11 23:00:00,6028.9
2024-04-12 00:00:00,5474.5
2024-04-12 01:00:00,5055.5
2024-04-12 02:00:00,4706.7
2024-04-12 03:00:00,4501.0
2024-04-12 04:00:00,4383.1
2024-04-12 05:00:00,4401.3
2024-04-12 06:00:00,4494.2
2024-04-12 07:00:00,4799.9
2024-04-12 08:00:00,5302.9
2024-04-12 09:00:00,5938.6
2024-04-12 10:00:00,6366.2
2024-04-12 11:00:00,6162.6
2024-04-12 12:00:00,6044.9
2024-04-12 13:00:00,5845.6
2024-04-12 14:00:00,5735.5
2024-04-12 15:00:00,5829.7
2024-04-12 16:00:00,5821.7
2024-04-12 17:00:00,5864.8
2024-04-12 18:00:00,5916.3
2024-04-12 19:00:00,5883.7
2024-04-12 20:00:00,6367.8
2024-04-12 21:00:00,6704.7
2024-04-12 22:00:00,6318.9
2024-04-12 23:00:00,5655.6
2024-04-13 00:00:00,5126.1
2024-04-13 01:00:00,4745.0
2024-04-13 02:00:00,4370.6
2024-04-13 03:00:00,4133.1
2024-04-13 04:00:00,3993.9
2024-04-13 05:00:00,3986.6
2024-04-13 06:00:00,3957.9
2024-04-13 07:00:00,3992.0
2024-04-13 08:00:00,4170.6
2024-04-13 09:00:00,4529.7
2024-04-13 10:00:00,5673.2
2024-04-13 11:00:00,5739.4
2024-04-13 12:00:00,5766.2
2024-04-13 13:00:00,5849.0
2024-04-13 14:00:00,5650.0
2024-04-13 15:00:00,5526.9
2024-04-13 16:00:00,5456.4
2024-04-13 17:00:00,5498.3
2024-04-13 18:00:00,5584.3
2024-04-13 19:00:00,5145.3
2024-04-13 20:00:00,5553.1
2024-04-13 21:00:00,5929.9
2024-04-13 22:00:00,5547.1
2024-04-13 23:00:00,5259.2
2024-04-14 00:00:00,4962.7
2024-04-14 01:00:00,4529.9
2024-04-14 02:00:00,4235.1
2024-04-14 03:00:00,4018.1
2024-04-14 04:00:00,3910.9
2024-04-14 05:00:00,3837.9
2024-04-14 06:00:00,3824.4
2024-04-14 07:00:00,3906.4
2024-04-14 08:00:00,3963.7
2024-04-14 09:00:00,4533.3
2024-04-14 10:00:00,5077.3
2024-04-14 11:00:00,5153.8
2024-04-14 12:00:00,5315.4
2024-04-14 13:00:00,5530.2
2024-04-14 14:00:00,5333.2
2024-04-14 15:00:00,5160.8
2024-04-14 16:00:00,5076.2
2024-04-14 17:00:00,5041.6
2024-04-14 18:00:00,5053.2
2024-04-14 19:00:00,4731.1
2024-04-14 20:00:00,5197.5
2024-04-14 21:00:00,5660.6
2024-04-14 22:00:00,5441.5
2024-04-14 23:00:00,5109.7
2024-04-15 00:00:00,4647.6
2024-04-15 01:00:00,4504.6
2024-04-15 02:00:00,4187.8
2024-04-15 03:00:00,4032.2
2024-04-15 04:00:00,3965.4
2024-04-15 05:00:00,3950.8
2024-04-15 06:00:00,4112.1
2024-04-15 07:00:00,4494.7
2024-04-15 08:00:00,5068.8
2024-04-15 09:00:00,5774.7
2024-04-15 10:00:00,6828.5
2024-04-15 11:00:00,6701.0
2024-04-15 12:00:00,7028.0
2024-04-15 13:00:00,6765.5
2024-04-15 14:00:00,6619.9
2024-04-15 15:00:00,6710.5
2024-04-15 16:00:00,6630.2
2024-04-15 17:00:00,6669.1
2024-04-15 18:00:00,6393.9
2024-04-15 19:00:00,5867.6
2024-04-15 20:00:00,6399.7
2024-04-15 21:00:00,6793.2
2024-04-15 22:00:00,6501.0
2024-04-15 23:00:00,5983.1
2024-04-16 00:00:00,5482.4
2024-04-16 01:00:00,5098.3
2024-04-16 02:00:00,4694.9
2024-04-16 03:00:00,4548.8
2024-04-16 04:00:00,4443.2
2024-04-16 05:00:00,4398.9
2024-04-16 06:00:00,4482.4
2024-04-16 07:00:00,4876.0
2024-04-16 08:00:00,5535.0
2024-04-16 09:00:00,6515.2
2024-04-16 10:00:00,6735.9
2024-04-16 11:00:00,6990.4
2024-04-16 12:00:00,6995.7
2024-04-16 13:00:00,6806.5
2024-04-16 14:00:00,6676.1
2024-04-16 15:00:00,6744.3
2024-04-16 16:00:00,6628.8
2024-04-16 17:00:00,6694.8
2024-04-16 18:00:00,6789.0
2024-04-16 19:00:00,6305.1
2024-04-16 20:00:00,6529.5
2024-04-16 21:00:00,6941.1
2024-04-16 22:00:00,6645.7
2024-04-16 23:00:00,6125.0
2024-04-17 00:00:00,5511.3
2024-04-17 01:00:00,5102.2
2024-04-17 02:00:00,4710.6
2024-04-17 03:00:00,4483.3
2024-04-17 04:00:00,4396.7
2024-04-17 05:00:00,4328.3
2024-04-17 06:00:00,4410.8
2024-04-17 07:00:00,4707.2
2024-04-17 08:00:00,5370.7
2024-04-17 09:00:00,5860.8
2024-04-17 10:00:00,6597.9
2024-04-17 11:00:00,6970.5
2024-04-17 12:00:00,6954.6
2024-04-17 13:00:00,6749.7
2024-04-17 14:00:00,6593.6
2024-04-17 15:00:00,6725.3
2024-04-17 16:00:00,6625.8
2024-04-17 17:00:00,6494.8
2024-04-17 18:00:00,6396.1
2024-04-17 19:00:00,5831.6
2024-04-17 20:00:00,6364.1
2024-04-17 21:00:00,6713.8
2024-04-17 22:00:00,6433.6
2024-04-17 23:00:00,5845.6
2024-04-18 00:00:00,5291.0
2024-04-18 01:00:00,4930.8
2024-04-18 02:00:00,4612.3
2024-04-18 03:00:00,4437.8
2024-04-18 04:00:00,4337.7
2024-04-18 05:00:00,4306.0
2024-04-18 06:00:00,4351.9
2024-04-18 07:00:00,4727.3
2024-04-18 08:00:00,5374.4
2024-04-18 09:00:00,5915.1
2024-04-18 10:00:00,6315.9
2024-04-18 11:00:00,6590.1
2024-04-18 12:00:00,6668.3
2024-04-18 13:00:00,6463.0
2024-04-18 14:00:00,6352.8
2024-04-18 15:00:00,6464.2
2024-04-18 16:00:00,6281.6
2024-04-18 17:00:00,6419.5
2024-04-18 18:00:00,5989.6
2024-04-18 19:00:00,5918.1
2024-04-18 20:00:00,6357.1
2024-04-18 21:00:00,6644.6
2024-04-18 22:00:00,6362.5
2024-04-18 23:00:00,5794.7
2024-04-19 00:00:00,5353.6
2024-04-19 01:00:00,5023.3
2024-04-19 02:00:00,4651.6
2024-04-19 03:00:00,4463.3
2024-04-19 04:00:00,4357.7
2024-04-19 05:00:00,4327.6
2024-04-19 06:00:00,4325.5
2024-04-19 07:00:00,4635.9
2024-04-19 08:00:00,5182.1
2024-04-19 09:00:00,5774.1
2024-04-19 10:00:00,5830.5
2024-04-19 11:00:00,6138.2
2024-04-19 12:00:00,6589.2
2024-04-19 13:00:00,6413.4
2024-04-19 14:00:00,6355.6
2024-04-19 15:00:00,6757.3
2024-04-19 16:00:00,6914.1
2024-04-19 17:00:00,5921.4
2024-04-19 18:00:00,5483.1
2024-04-19 19:00:00,5750.1
2024-04-19 20:00:00,6156.5
2024-04-19 21:00:00,6457.5
2024-04-19 22:00:00,6131.8
2024-04-19 23:00:00,5561.7
2024-04-20 00:00:00,5175.4
2024-04-20 01:00:00,4880.2
2024-04-20 02:00:00,4579.2
2024-04-20 03:00:00,4333.2
2024-04-20 04:00:00,4258.9
2024-04-20 05:00:00,4195.3
2024-04-20 06:00:00,4098.6
2024-04-20 07:00:00,4065.5
2024-04-20 08:00:00,4225.7
2024-04-20 09:00:00,5096.7
2024-04-20 10:00:00,5991.5
2024-04-20 11:00:00,6803.5
2024-04-20 12:00:00,6861.5
2024-04-20 13:00:00,6871.6
2024-04-20 14:00:00,6603.7
2024-04-20 15:00:00,6477.0
2024-04-20 16:00:00,6514.5
2024-04-20 17:00:00,6593.0
2024-04-20 18:00:00,6004.7
2024-04-20 19:00:00,5412.6
2024-04-20 20:00:00,5380.3
2024-04-20 21:00:00,5751.6
2024-04-20 22:00:00,5408.9
2024-04-20 23:00:00,5127.8
2024-04-21 00:00:00,5098.9
2024-04-21 01:00:00,4821.8
2024-04-21 02:00:00,4504.6
2024-04-21 03:00:00,4404.3
2024-04-21 04:00:00,4321.2
2024-04-21 05:00:00,4178.5
2024-04-21 06:00:00,3689.1
2024-04-21 07:00:00,3667.8
2024-04-21 08:00:00,4181.8
2024-04-21 09:00:00,5432.8
2024-04-21 10:00:00,6005.4
2024-04-21 11:00:00,6159.5
2024-04-21 12:00:00,6602.0
2024-04-21 13:00:00,6674.1
2024-04-21 14:00:00,6417.7
2024-04-21 15:00:00,6212.9
2024-04-21 16:00:00,6098.9
2024-04-21 17:00:00,6070.4
2024-04-21 18:00:00,5814.3
2024-04-21 19:00:00,5651.7
2024-04-21 20:00:00,5044.1
2024-04-21 21:00:00,5400.9
2024-04-21 22:00:00,5248.8
2024-04-21 23:00:00,4925.1
2024-04-22 00:00:00,5006.4
2024-04-22 01:00:00,4873.7
2024-04-22 02:00:00,4766.6
2024-04-22 03:00:00,4943.4
2024-04-22 04:00:00,4854.3
2024-04-22 05:00:00,4842.6
2024-04-22 06:00:00,4893.1
2024-04-22 07:00:00,4782.2
2024-04-22 08:00:00,5612.5
2024-04-22 09:00:00,6566.1
2024-04-22 10:00:00,6889.3
2024-04-22 11:00:00,7083.5
2024-04-22 12:00:00,7059.9
2024-04-22 13:00:00,6827.1
2024-04-22 14:00:00,6952.0
2024-04-22 15:00:00,7141.9
2024-04-22 16:00:00,7191.6
2024-04-22 17:00:00,7045.5
2024-04-22 18:00:00,6547.0
2024-04-22 19:00:00,6181.3
2024-04-22 20:00:00,6090.5
2024-04-22 21:00:00,6467.2
2024-04-22 22:00:00,6225.1
2024-04-22 23:00:00,5697.7
2024-04-23 00:00:00,5258.7
2024-04-23 01:00:00,4759.6
2024-04-23 02:00:00,4955.7
2024-04-23 03:00:00,4502.9
2024-04-23 04:00:00,4235.7
2024-04-23 05:00:00,4136.1
2024-04-23 06:00:00,4236.5
2024-04-23 07:00:00,4547.8
2024-04-23 08:00:00,5120.1
2024-04-23 09:00:00,6777.3
2024-04-23 10:00:00,7433.3
2024-04-23 11:00:00,7248.5
2024-04-23 12:00:00,7086.4
2024-04-23 13:00:00,6902.8
2024-04-23 14:00:00,6727.4
2024-04-23 15:00:00,6892.8
2024-04-23 16:00:00,6792.9
2024-04-23 17:00:00,7031.6
2024-04-23 18:00:00,6975.9
2024-04-23 19:00:00,6369.4
2024-04-23 20:00:00,6203.0
2024-04-23 21:00:00,6499.1
2024-04-23 22:00:00,6256.3
2024-04-23 23:00:00,5721.4
2024-04-24 00:00:00,5257.8
2024-04-24 01:00:00,4729.5
2024-04-24 02:00:00,4478.4
2024-04-24 03:00:00,4297.4
2024-04-24 04:00:00,4218.9
2024-04-24 05:00:00,4128.5
2024-04-24 06:00:00,4183.7
2024-04-24 07:00:00,4575.2
2024-04-24 08:00:00,5111.6
2024-04-24 09:00:00,5707.2
2024-04-24 10:00:00,7042.2
2024-04-24 11:00:00,7594.9
2024-04-24 12:00:00,7632.9
2024-04-24 13:00:00,7413.3
2024-04-24 14:00:00,7385.4
2024-04-24 15:00:00,7481.3
2024-04-24 16:00:00,7215.1
2024-04-24 17:00:00,7224.8
2024-04-24 18:00:00,5994.0
2024-04-24 19:00:00,5841.2
2024-04-24 20:00:00,6200.4
2024-04-24 21:00:00,6552.3
2024-04-24 22:00:00,6227.1
2024-04-24 23:00:00,5713.2
2024-04-25 00:00:00,5235.8
2024-04-25 01:00:00,4768.2
2024-04-25 02:00:00,4524.8
2024-04-25 03:00:00,4309.1
2024-04-25 04:00:00,4190.8
2024-04-25 05:00:00,4100.8
2024-04-25 06:00:00,4108.7
2024-04-25 07:00:00,4103.7
2024-04-25 08:00:00,4266.7
2024-04-25 09:00:00,4687.5
2024-04-25 10:00:00,4816.5
2024-04-25 11:00:00,4803.9
2024-04-25 12:00:00,5002.4
2024-04-25 13:00:00,4968.3
2024-04-25 14:00:00,5638.8
2024-04-25 15:00:00,5934.8
2024-04-25 16:00:00,6252.8
2024-04-25 17:00:00,5529.8
2024-04-25 18:00:00,4792.4
2024-04-25 19:00:00,5062.2
2024-04-25 20:00:00,5528.5
2024-04-25 21:00:00,5733.7
2024-04-25 22:00:00,5506.1
2024-04-25 23:00:00,5070.7
2024-04-26 00:00:00,4581.0
2024-04-26 01:00:00,4545.3
2024-04-26 02:00:00,4210.7
2024-04-26 03:00:00,4099.8
2024-04-26 04:00:00,4013.9
2024-04-26 05:00:00,3977.6
2024-04-26 06:00:00,4040.4
2024-04-26 07:00:00,4363.4
2024-04-26 08:00:00,4785.9
2024-04-26 09:00:00,5362.0
2024-04-26 10:00:00,5556.1
2024-04-26 11:00:00,5565.5
2024-04-26 12:00:00,5631.4
2024-04-26 13:00:00,5497.2
2024-04-26 14:00:00,5763.9
2024-04-26 15:00:00,6366.0
2024-04-26 16:00:00,6460.2
2024-04-26 17:00:00,6446.4
2024-04-26 18:00:00,5424.1
2024-04-26 19:00:00,5552.2
2024-04-26 20:00:00,5940.8
2024-04-26 21:00:00,6238.8
2024-04-26 22:00:00,6012.1
2024-04-26 23:00:00,5533.4
2024-04-27 00:00:00,5029.2
2024-04-27 01:00:00,4843.1
2024-04-27 02:00:00,4589.0
2024-04-27 03:00:00,4393.9
2024-04-27 04:00:00,4256.3
2024-04-27 05:00:00,4179.4
2024-04-27 06:00:00,4081.9
2024-04-27 07:00:00,4134.2
2024-04-27 08:00:00,4291.7
2024-04-27 09:00:00,4694.2
2024-04-27 10:00:00,6804.8
2024-04-27 11:00:00,6953.5
2024-04-27 12:00:00,7475.9
2024-04-27 13:00:00,7724.5
2024-04-27 14:00:00,7443.2
2024-04-27 15:00:00,7273.0
2024-04-27 16:00:00,7221.0
2024-04-27 17:00:00,7252.2
2024-04-27 18:00:00,7121.6
2024-04-27 19:00:00,5215.7
2024-04-27 20:00:00,5454.5
2024-04-27 21:00:00,5762.1
2024-04-27 22:00:00,5517.9
2024-04-27 23:00:00,5212.7
2024-04-28 00:00:00,4755.3
2024-04-28 01:00:00,4554.7
2024-04-28 02:00:00,4327.3
2024-04-28 03:00:00,4202.6
2024-04-28 04:00:00,4098.1
2024-04-28 05:00:00,4042.8
2024-04-28 06:00:00,3935.2
2024-04-28 07:00:00,3901.8
2024-04-28 08:00:00,4239.1
2024-04-28 09:00:00,5082.6
2024-04-28 10:00:00,6583.6
2024-04-28 11:00:00,7070.1
2024-04-28 12:00:00,7224.0
2024-04-28 13:00:00,7310.3
2024-04-28 14:00:00,7069.3
2024-04-28 15:00:00,6862.1
2024-04-28 16:00:00,6477.6
2024-04-28 17:00:00,6506.0
2024-04-28 18:00:00,5057.0
2024-04-28 19:00:00,4964.5
2024-04-28 20:00:00,5114.5
2024-04-28 21:00:00,5540.1
2024-04-28 22:00:00,5473.8
2024-04-28 23:00:00,5094.8
2024-04-29 00:00:00,4847.0
2024-04-29 01:00:00,4673.7
2024-04-29 02:00:00,4372.0
2024-04-29 03:00:00,4219.8
2024-04-29 04:00:00,4135.1
2024-04-29 05:00:00,4119.4
2024-04-29 06:00:00,4286.3
2024-04-29 07:00:00,4697.4
2024-04-29 08:00:00,5231.9
2024-04-29 09:00:00,5929.0
2024-04-29 10:00:00,5984.8
2024-04-29 11:00:00,5829.4
2024-04-29 12:00:00,5789.2
2024-04-29 13:00:00,5601.8
2024-04-29 14:00:00,5739.3
2024-04-29 15:00:00,5837.6
2024-04-29 16:00:00,5789.7
2024-04-29 17:00:00,5822.1
2024-04-29 18:00:00,5639.9
2024-04-29 19:00:00,5867.1
2024-04-29 20:00:00,6255.6
2024-04-29 21:00:00,6537.1
2024-04-29 22:00:00,6318.5
2024-04-29 23:00:00,5864.7
2024-04-30 00:00:00,5499.3
2024-04-30 01:00:00,5216.3
2024-04-30 02:00:00,4804.7
2024-04-30 03:00:00,4615.0
2024-04-30 04:00:00,4511.0
2024-04-30 05:00:00,4387.2
2024-04-30 06:00:00,4461.3
2024-04-30 07:00:00,4818.9
2024-04-30 08:00:00,5357.1
2024-04-30 09:00:00,6043.3
2024-04-30 10:00:00,6311.5
2024-04-30 11:00:00,6174.3
2024-04-30 12:00:00,6895.4
2024-04-30 13:00:00,7781.9
2024-04-30 14:00:00,7184.1
2024-04-30 15:00:00,7023.7
2024-04-30 16:00:00,7219.5
2024-04-30 17:00:00,6792.6
2024-04-30 18:00:00,6452.3
2024-04-30 19:00:00,5977.7
2024-04-30 20:00:00,6266.7
2024-04-30 21:00:00,6488.8
2024-04-30 22:00:00,6282.4
2024-04-30 23:00:00,5832.2
2024-05-01 00:00:00,5270.5
2024-05-01 01:00:00,4882.0
2024-05-01 02:00:00,4502.4
2024-05-01 03:00:00,5438.1
2024-05-01 04:00:00,5519.8
2024-05-01 05:00:00,5461.7
2024-05-01 06:00:00,5324.9
2024-05-01 07:00:00,5493.2
2024-05-01 08:00:00,6373.5
2024-05-01 09:00:00,6717.0
2024-05-01 10:00:00,7226.7
2024-05-01 11:00:00,7258.4
2024-05-01 12:00:00,7427.5
2024-05-01 13:00:00,7675.7
2024-05-01 14:00:00,7460.7
2024-05-01 15:00:00,7272.5
2024-05-01 16:00:00,7079.4
2024-05-01 17:00:00,7032.6
2024-05-01 18:00:00,6924.6
2024-05-01 19:00:00,7167.3
2024-05-01 20:00:00,6435.7
2024-05-01 21:00:00,5567.5
2024-05-01 22:00:00,5475.2
2024-05-01 23:00:00,5229.3
2024-05-02 00:00:00,5584.3
2024-05-02 01:00:00,5568.8
2024-05-02 02:00:00,5420.3
2024-05-02 03:00:00,5596.5
2024-05-02 04:00:00,5499.4
2024-05-02 05:00:00,4737.8
2024-05-02 06:00:00,4593.1
2024-05-02 07:00:00,4489.6
2024-05-02 08:00:00,5016.4
2024-05-02 09:00:00,6677.5
2024-05-02 10:00:00,7431.8
2024-05-02 11:00:00,7715.7
2024-05-02 12:00:00,8156.1
2024-05-02 13:00:00,7933.4
2024-05-02 14:00:00,7979.1
2024-05-02 15:00:00,7722.8
2024-05-02 16:00:00,7653.7
2024-05-02 17:00:00,7789.7
2024-05-02 18:00:00,7197.8
2024-05-02 19:00:00,6513.4
2024-05-02 20:00:00,6515.5
2024-05-02 21:00:00,6684.0
2024-05-02 22:00:00,6398.5
2024-05-02 23:00:00,5877.5
2024-05-03 00:00:00,5395.7
2024-05-03 01:00:00,5146.1
2024-05-03 02:00:00,4697.4
2024-05-03 03:00:00,4530.2
2024-05-03 04:00:00,4487.5
2024-05-03 05:00:00,4446.4
2024-05-03 06:00:00,4406.6
2024-05-03 07:00:00,4714.9
2024-05-03 08:00:00,5199.1
2024-05-03 09:00:00,5871.8
2024-05-03 10:00:00,6914.0
2024-05-03 11:00:00,7713.0
2024-05-03 12:00:00,7730.8
2024-05-03 13:00:00,8006.2
2024-05-03 14:00:00,7997.4
2024-05-03 15:00:00,8100.9
2024-05-03 16:00:00,8228.5
2024-05-03 17:00:00,7795.3
2024-05-03 18:00:00,7736.7
2024-05-03 19:00:00,5789.4
2024-05-03 20:00:00,6206.1
2024-05-03 21:00:00,6417.8
2024-05-03 22:00:00,6203.7
2024-05-03 23:00:00,5732.0
2024-05-04 00:00:00,5267.2
2024-05-04 01:00:00,5009.0
2024-05-04 02:00:00,4572.4
2024-05-04 03:00:00,4347.2
2024-05-04 04:00:00,4868.6
2024-05-04 05:00:00,4131.7
2024-05-04 06:00:00,4131.2
2024-05-04 07:00:00,4147.7
2024-05-04 08:00:00,4893.8
2024-05-04 09:00:00,6325.6
2024-05-04 10:00:00,6952.2
2024-05-04 11:00:00,7296.0
2024-05-04 12:00:00,7404.6
2024-05-04 13:00:00,7665.2
2024-05-04 14:00:00,7507.1
2024-05-04 15:00:00,7398.5
2024-05-04 16:00:00,7036.2
2024-05-04 17:00:00,6903.5
2024-05-04 18:00:00,6601.2
2024-05-04 19:00:00,6399.4
2024-05-04 20:00:00,5346.1
2024-05-04 21:00:00,5617.9
2024-05-04 22:00:00,5457.3
2024-05-04 23:00:00,5252.9
2024-05-05 00:00:00,4938.5
2024-05-05 01:00:00,4687.4
2024-05-05 02:00:00,4292.7
2024-05-05 03:00:00,4145.0
2024-05-05 04:00:00,4001.8
2024-05-05 05:00:00,3965.8
2024-05-05 06:00:00,3981.1
2024-05-05 07:00:00,3963.0
2024-05-05 08:00:00,4392.6
2024-05-05 09:00:00,5748.7
2024-05-05 10:00:00,6360.2
2024-05-05 11:00:00,7032.9
2024-05-05 12:00:00,7255.1
2024-05-05 13:00:00,7470.8
2024-05-05 14:00:00,7508.5
2024-05-05 15:00:00,7186.0
2024-05-05 16:00:00,6852.9
2024-05-05 17:00:00,6623.8
2024-05-05 18:00:00,6378.4
2024-05-05 19:00:00,5875.3
2024-05-05 20:00:00,5071.6
2024-05-05 21:00:00,5404.6
2024-05-05 22:00:00,5365.5
2024-05-05 23:00:00,5207.3
2024-05-06 00:00:00,4848.0
2024-05-06 01:00:00,4691.1
2024-05-06 02:00:00,4334.0
2024-05-06 03:00:00,4178.8
2024-05-06 04:00:00,4108.7
2024-05-06 05:00:00,4095.3
2024-05-06 06:00:00,4232.8
2024-05-06 07:00:00,4642.1
2024-05-06 08:00:00,5157.6
2024-05-06 09:00:00,5839.0
2024-05-06 10:00:00,5932.3
2024-05-06 11:00:00,5817.3
2024-05-06 12:00:00,6257.0
2024-05-06 13:00:00,6669.2
2024-05-06 14:00:00,6536.5
2024-05-06 15:00:00,6715.5
2024-05-06 16:00:00,6895.5
2024-05-06 17:00:00,6690.1
2024-05-06 18:00:00,6638.6
2024-05-06 19:00:00,5888.6
2024-05-06 20:00:00,6326.7
2024-05-06 21:00:00,6580.0
2024-05-06 22:00:00,6435.8
2024-05-06 23:00:00,5987.2
2024-05-07 00:00:00,5555.7
2024-05-07 01:00:00,5175.1
2024-05-07 02:00:00,4782.3
2024-05-07 03:00:00,4594.1
2024-05-07 04:00:00,4518.4
2024-05-07 05:00:00,4444.4
2024-05-07 06:00:00,4566.6
2024-05-07 07:00:00,4873.4
2024-05-07 08:00:00,5449.6
2024-05-07 09:00:00,6317.6
2024-05-07 10:00:00,6873.6
2024-05-07 11:00:00,7114.6
2024-05-07 12:00:00,7231.8
2024-05-07 13:00:00,7223.6
2024-05-07 14:00:00,7141.7
2024-05-07 15:00:00,7523.4
2024-05-07 16:00:00,7380.6
2024-05-07 17:00:00,7221.1
2024-05-07 18:00:00,6967.6
2024-05-07 19:00:00,6343.2
2024-05-07 20:00:00,6292.5
2024-05-07 21:00:00,6490.1
2024-05-07 22:00:00,6351.9
2024-05-07 23:00:00,5830.8
2024-05-08 00:00:00,5383.2
2024-05-08 01:00:00,5597.0
2024-05-08 02:00:00,5349.1
2024-05-08 03:00:00,5148.2
2024-05-08 04:00:00,5119.7
2024-05-08 05:00:00,5076.5
2024-05-08 06:00:00,5020.8
2024-05-08 07:00:00,4857.7
2024-05-08 08:00:00,5380.7
2024-05-08 09:00:00,6562.5
2024-05-08 10:00:00,7160.7
2024-05-08 11:00:00,7504.4
2024-05-08 12:00:00,7635.2
2024-05-08 13:00:00,7678.9
2024-05-08 14:00:00,7535.8
2024-05-08 15:00:00,7565.6
2024-05-08 16:00:00,7304.0
2024-05-08 17:00:00,6961.4
2024-05-08 18:00:00,6669.7
2024-05-08 19:00:00,5802.4
2024-05-08 20:00:00,6094.1
2024-05-08 21:00:00,6343.1
2024-05-08 22:00:00,6210.7
2024-05-08 23:00:00,5755.4
2024-05-09 00:00:00,5364.2
2024-05-09 01:00:00,5088.6
2024-05-09 02:00:00,4982.6
2024-05-09 03:00:00,4795.8
2024-05-09 04:00:00,4517.4
2024-05-09 05:00:00,4444.2
2024-05-09 06:00:00,4563.5
2024-05-09 07:00:00,4818.1
2024-05-09 08:00:00,5406.1
2024-05-09 09:00:00,6410.6
2024-05-09 10:00:00,6878.5
2024-05-09 11:00:00,7216.3
2024-05-09 12:00:00,7183.2
2024-05-09 13:00:00,7134.8
2024-05-09 14:00:00,7054.4
2024-05-09 15:00:00,6990.2
2024-05-09 16:00:00,6883.9
2024-05-09 17:00:00,6710.7
2024-05-09 18:00:00,6368.0
2024-05-09 19:00:00,6058.3
2024-05-09 20:00:00,6270.9
2024-05-09 21:00:00,6417.4
2024-05-09 22:00:00,6320.1
2024-05-09 23:00:00,5870.7
2024-05-10 00:00:00,5343.9
2024-05-10 01:00:00,5224.7
2024-05-10 02:00:00,4926.2
2024-05-10 03:00:00,4740.4
2024-05-10 04:00:00,4658.1
2024-05-10 05:00:00,4634.5
2024-05-10 06:00:00,4520.4
2024-05-10 07:00:00,4695.9
2024-05-10 08:00:00,5512.0
2024-05-10 09:00:00,6115.0
2024-05-10 10:00:00,6198.1
2024-05-10 11:00:00,6728.1
2024-05-10 12:00:00,6915.5
2024-05-10 13:00:00,6932.9
2024-05-10 14:00:00,6981.3
2024-05-10 15:00:00,7181.1
2024-05-10 16:00:00,7038.8
2024-05-10 17:00:00,6578.3
2024-05-10 18:00:00,6101.8
2024-05-10 19:00:00,6032.5
2024-05-10 20:00:00,6344.2
2024-05-10 21:00:00,6266.0
2024-05-10 22:00:00,6185.0
2024-05-10 23:00:00,5917.7
2024-05-11 00:00:00,5320.5
2024-05-11 01:00:00,5073.2
2024-05-11 02:00:00,4732.1
2024-05-11 03:00:00,4511.0
2024-05-11 04:00:00,4364.5
2024-05-11 05:00:00,4291.6
2024-05-11 06:00:00,4289.1
2024-05-11 07:00:00,4242.4
2024-05-11 08:00:00,4440.7
2024-05-11 09:00:00,5762.6
2024-05-11 10:00:00,6630.2
2024-05-11 11:00:00,6782.9
2024-05-11 12:00:00,7020.0
2024-05-11 13:00:00,7152.1
2024-05-11 14:00:00,7073.5
2024-05-11 15:00:00,6959.8
2024-05-11 16:00:00,6767.4
2024-05-11 17:00:00,6629.9
2024-05-11 18:00:00,5991.8
2024-05-11 19:00:00,5012.4
2024-05-11 20:00:00,5320.4
2024-05-11 21:00:00,5614.8
2024-05-11 22:00:00,5639.8
2024-05-11 23:00:00,5295.9
2024-05-12 00:00:00,5009.6
2024-05-12 01:00:00,4669.9
2024-05-12 02:00:00,4388.4
2024-05-12 03:00:00,4179.6
2024-05-12 04:00:00,4085.8
2024-05-12 05:00:00,4029.8
2024-05-12 06:00:00,4034.7
2024-05-12 07:00:00,3930.1
2024-05-12 08:00:00,4877.8
2024-05-12 09:00:00,5944.4
2024-05-12 10:00:00,6402.9
2024-05-12 11:00:00,5908.3
2024-05-12 12:00:00,6092.7
2024-05-12 13:00:00,6163.9
2024-05-12 14:00:00,6193.3
2024-05-12 15:00:00,6063.4
2024-05-12 16:00:00,6183.3
2024-05-12 17:00:00,6233.7
2024-05-12 18:00:00,4962.6
2024-05-12 19:00:00,4780.8
2024-05-12 20:00:00,5224.5
2024-05-12 21:00:00,5467.8
2024-05-12 22:00:00,5551.0
2024-05-12 23:00:00,5366.5
2024-05-13 00:00:00,4918.5
2024-05-13 01:00:00,4634.5
2024-05-13 02:00:00,4366.7
2024-05-13 03:00:00,4187.7
2024-05-13 04:00:00,4099.5
2024-05-13 05:00:00,4088.2
2024-05-13 06:00:00,4227.1
2024-05-13 07:00:00,4564.2
2024-05-13 08:00:00,5184.9
2024-05-13 09:00:00,5911.4
2024-05-13 10:00:00,6634.5
2024-05-13 11:00:00,7381.8
2024-05-13 12:00:00,7801.1
2024-05-13 13:00:00,7801.0
2024-05-13 14:00:00,7697.1
2024-05-13 15:00:00,7780.9
2024-05-13 16:00:00,7662.7
2024-05-13 17:00:00,7344.9
2024-05-13 18:00:00,7147.1
2024-05-13 19:00:00,6476.8
2024-05-13 20:00:00,6296.0
2024-05-13 21:00:00,6503.0
2024-05-13 22:00:00,6415.0
2024-05-13 23:00:00,5940.5
2024-05-14 00:00:00,5458.0
2024-05-14 01:00:00,5414.1
2024-05-14 02:00:00,5336.8
2024-05-14 03:00:00,5359.7
2024-05-14 04:00:00,5572.0
2024-05-14 05:00:00,5409.9
2024-05-14 06:00:00,5094.9
2024-05-14 07:00:00,4859.5
2024-05-14 08:00:00,5479.5
2024-05-14 09:00:00,6633.6
2024-05-14 10:00:00,7803.9
2024-05-14 11:00:00,7935.8
2024-05-14 12:00:00,8011.8
2024-05-14 13:00:00,7809.4
2024-05-14 14:00:00,7667.4
2024-05-14 15:00:00,7727.6
2024-05-14 16:00:00,7518.1
2024-05-14 17:00:00,7547.0
2024-05-14 18:00:00,7626.5
2024-05-14 19:00:00,6972.0
2024-05-14 20:00:00,6424.6
2024-05-14 21:00:00,6615.0
2024-05-14 22:00:00,6536.7
2024-05-14 23:00:00,6047.7
2024-05-15 00:00:00,5500.2
2024-05-15 01:00:00,5039.3
2024-05-15 02:00:00,4760.9
2024-05-15 03:00:00,4587.7
2024-05-15 04:00:00,4482.8
2024-05-15 05:00:00,4443.6
2024-05-15 06:00:00,4547.1
2024-05-15 07:00:00,4803.3
2024-05-15 08:00:00,5332.9
2024-05-15 09:00:00,6195.0
2024-05-15 10:00:00,6442.3
2024-05-15 11:00:00,7055.2
2024-05-15 12:00:00,7304.4
2024-05-15 13:00:00,7489.6
2024-05-15 14:00:00,7425.7
2024-05-15 15:00:00,7420.4
2024-05-15 16:00:00,7406.3
2024-05-15 17:00:00,7493.9
2024-05-15 18:00:00,7471.1
2024-05-15 19:00:00,6219.3
2024-05-15 20:00:00,6316.8
2024-05-15 21:00:00,6486.8
2024-05-15 22:00:00,6450.7
2024-05-15 23:00:00,5937.7
2024-05-16 00:00:00,5473.1
2024-05-16 01:00:00,5019.3
2024-05-16 02:00:00,4735.9
2024-05-16 03:00:00,4554.9
2024-05-16 04:00:00,4469.5
2024-05-16 05:00:00,4441.0
2024-05-16 06:00:00,4500.8
2024-05-16 07:00:00,4746.5
2024-05-16 08:00:00,5371.6
2024-05-16 09:00:00,6137.0
2024-05-16 10:00:00,6276.8
2024-05-16 11:00:00,6442.0
2024-05-16 12:00:00,6500.3
2024-05-16 13:00:00,6597.4
2024-05-16 14:00:00,6761.3
2024-05-16 15:00:00,6931.2
2024-05-16 16:00:00,6982.5
2024-05-16 17:00:00,6758.0
2024-05-16 18:00:00,6253.4
2024-05-16 19:00:00,6094.2
2024-05-16 20:00:00,6378.6
2024-05-16 21:00:00,6447.8
2024-05-16 22:00:00,6386.0
2024-05-16 23:00:00,5963.1
2024-05-17 00:00:00,5520.8
2024-05-17 01:00:00,5075.6
2024-05-17 02:00:00,4831.9
2024-05-17 03:00:00,4641.8
2024-05-17 04:00:00,4541.5
2024-05-17 05:00:00,4526.5
2024-05-17 06:00:00,4595.2
2024-05-17 07:00:00,4800.8
2024-05-17 08:00:00,5402.4
2024-05-17 09:00:00,6098.0
2024-05-17 10:00:00,6224.4
2024-05-17 11:00:00,6128.4
2024-05-17 12:00:00,6116.6
2024-05-17 13:00:00,6585.9
2024-05-17 14:00:00,6737.7
2024-05-17 15:00:00,7050.0
2024-05-17 16:00:00,6949.8
2024-05-17 17:00:00,6757.7
2024-05-17 18:00:00,5778.8
2024-05-17 19:00:00,5925.3
2024-05-17 20:00:00,6289.8
2024-05-17 21:00:00,6455.7
2024-05-17 22:00:00,6335.4
2024-05-17 23:00:00,5843.6
2024-05-18 00:00:00,5488.3
2024-05-18 01:00:00,5013.9
2024-05-18 02:00:00,4663.4
2024-05-18 03:00:00,4417.3
2024-05-18 04:00:00,4279.2
2024-05-18 05:00:00,4269.6
2024-05-18 06:00:00,4291.9
2024-05-18 07:00:00,4323.0
2024-05-18 08:00:00,4522.3
2024-05-18 09:00:00,5228.0
2024-05-18 10:00:00,6302.3
2024-05-18 11:00:00,6961.3
2024-05-18 12:00:00,7029.2
2024-05-18 13:00:00,7194.3
2024-05-18 14:00:00,7117.2
2024-05-18 15:00:00,6986.2
2024-05-18 16:00:00,6603.6
2024-05-18 17:00:00,6381.4
2024-05-18 18:00:00,5436.7
2024-05-18 19:00:00,5064.2
2024-05-18 20:00:00,5426.0
2024-05-18 21:00:00,5686.5
2024-05-18 22:00:00,5638.9
2024-05-18 23:00:00,5384.1
2024-05-19 00:00:00,4943.9
2024-05-19 01:00:00,4558.9
2024-05-19 02:00:00,4326.3
2024-05-19 03:00:00,4121.3
2024-05-19 04:00:00,3945.3
2024-05-19 05:00:00,3895.1
2024-05-19 06:00:00,3904.6
2024-05-19 07:00:00,3939.2
2024-05-19 08:00:00,4013.6
2024-05-19 09:00:00,5478.7
2024-05-19 10:00:00,6237.8
2024-05-19 11:00:00,6445.4
2024-05-19 12:00:00,6833.4
2024-05-19 13:00:00,6867.6
2024-05-19 14:00:00,6477.2
2024-05-19 15:00:00,6142.6
2024-05-19 16:00:00,6014.3
2024-05-19 17:00:00,5997.8
2024-05-19 18:00:00,5543.4
2024-05-19 19:00:00,5223.1
2024-05-19 20:00:00,5017.1
2024-05-19 21:00:00,5410.3
2024-05-19 22:00:00,5572.4
2024-05-19 23:00:00,5223.9
2024-05-20 00:00:00,4880.2
2024-05-20 01:00:00,4728.0
2024-05-20 02:00:00,4467.2
2024-05-20 03:00:00,4317.6
2024-05-20 04:00:00,4239.9
2024-05-20 05:00:00,4209.4
2024-05-20 06:00:00,4255.7
2024-05-20 07:00:00,4582.7
2024-05-20 08:00:00,5208.2
2024-05-20 09:00:00,5973.5
2024-05-20 10:00:00,6798.1
2024-05-20 11:00:00,6797.2
2024-05-20 12:00:00,7001.5
2024-05-20 13:00:00,7120.8
2024-05-20 14:00:00,7238.2
2024-05-20 15:00:00,7789.9
2024-05-20 16:00:00,7436.5
2024-05-20 17:00:00,7191.2
2024-05-20 18:00:00,6458.5
2024-05-20 19:00:00,5980.1
2024-05-20 20:00:00,6270.6
2024-05-20 21:00:00,6455.6
2024-05-20 22:00:00,6476.0
2024-05-20 23:00:00,5980.2
2024-05-21 00:00:00,5487.0
2024-05-21 01:00:00,5066.3
2024-05-21 02:00:00,4795.9
2024-05-21 03:00:00,4628.5
2024-05-21 04:00:00,4523.3
2024-05-21 05:00:00,4424.2
2024-05-21 06:00:00,4554.0
2024-05-21 07:00:00,4826.5
2024-05-21 08:00:00,5476.3
2024-05-21 09:00:00,6145.2
2024-05-21 10:00:00,6920.8
2024-05-21 11:00:00,7455.3
2024-05-21 12:00:00,7045.7
2024-05-21 13:00:00,7446.4
2024-05-21 14:00:00,7640.3
2024-05-21 15:00:00,7605.7
2024-05-21 16:00:00,7347.7
2024-05-21 17:00:00,7121.3
2024-05-21 18:00:00,6970.1
2024-05-21 19:00:00,6587.3
2024-05-21 20:00:00,6314.1
2024-05-21 21:00:00,6510.3
2024-05-21 22:00:00,6492.0
2024-05-21 23:00:00,5977.7
2024-05-22 00:00:00,5607.9
2024-05-22 01:00:00,5175.4
2024-05-22 02:00:00,4923.0
2024-05-22 03:00:00,4737.2
2024-05-22 04:00:00,4602.8
2024-05-22 05:00:00,4553.8
2024-05-22 06:00:00,4597.3
2024-05-22 07:00:00,4803.3
2024-05-22 08:00:00,5430.4
2024-05-22 09:00:00,6796.5
2024-05-22 10:00:00,6947.4
2024-05-22 11:00:00,7325.2
2024-05-22 12:00:00,7355.0
2024-05-22 13:00:00,7516.5
2024-05-22 14:00:00,7827.2
2024-05-22 15:00:00,7699.2
2024-05-22 16:00:00,7605.8
2024-05-22 17:00:00,7442.9
2024-05-22 18:00:00,6465.5
2024-05-22 19:00:00,6196.5
2024-05-22 20:00:00,6308.9
2024-05-22 21:00:00,6459.4
2024-05-22 22:00:00,6493.1
2024-05-22 23:00:00,6030.5
2024-05-23 00:00:00,5613.6
2024-05-23 01:00:00,5294.2
2024-05-23 02:00:00,5022.7
2024-05-23 03:00:00,4798.5
2024-05-23 04:00:00,4719.6
2024-05-23 05:00:00,4676.5
2024-05-23 06:00:00,4710.5
2024-05-23 07:00:00,4971.0
2024-05-23 08:00:00,5574.0
2024-05-23 09:00:00,6190.6
2024-05-23 10:00:00,6267.0
2024-05-23 11:00:00,6820.1
2024-05-23 12:00:00,6824.8
2024-05-23 13:00:00,6597.7
2024-05-23 14:00:00,6480.2
2024-05-23 15:00:00,6839.9
2024-05-23 16:00:00,6741.9
2024-05-23 17:00:00,6533.3
2024-05-23 18:00:00,6566.0
2024-05-23 19:00:00,6070.8
2024-05-23 20:00:00,6418.6
2024-05-23 21:00:00,6572.8
2024-05-23 22:00:00,6555.1
2024-05-23 23:00:00,6176.3
2024-05-24 00:00:00,5644.5
2024-05-24 01:00:00,5220.9
2024-05-24 02:00:00,4951.1
2024-05-24 03:00:00,4753.9
2024-05-24 04:00:00,4653.1
2024-05-24 05:00:00,4606.2
2024-05-24 06:00:00,4626.9
2024-05-24 07:00:00,4882.9
2024-05-24 08:00:00,5402.8
2024-05-24 09:00:00,6092.7
2024-05-24 10:00:00,6217.8
2024-05-24 11:00:00,6170.1
2024-05-24 12:00:00,6216.9
2024-05-24 13:00:00,6232.9
2024-05-24 14:00:00,6267.8
2024-05-24 15:00:00,6608.1
2024-05-24 16:00:00,6392.4
2024-05-24 17:00:00,6345.0
2024-05-24 18:00:00,5630.0
2024-05-24 19:00:00,5787.2
2024-05-24 20:00:00,6159.1
2024-05-24 21:00:00,6321.6
2024-05-24 22:00:00,6354.3
2024-05-24 23:00:00,5890.0
2024-05-25 00:00:00,5351.8
2024-05-25 01:00:00,5016.3
2024-05-25 02:00:00,4667.0
2024-05-25 03:00:00,4445.1
2024-05-25 04:00:00,4317.3
2024-05-25 05:00:00,4247.9
2024-05-25 06:00:00,4177.9
2024-05-25 07:00:00,4183.9
2024-05-25 08:00:00,4485.7
2024-05-25 09:00:00,5260.1
2024-05-25 10:00:00,6314.6
2024-05-25 11:00:00,6912.0
2024-05-25 12:00:00,7225.0
2024-05-25 13:00:00,7219.3
2024-05-25 14:00:00,7104.1
2024-05-25 15:00:00,7084.8
2024-05-25 16:00:00,6984.0
2024-05-25 17:00:00,6717.5
2024-05-25 18:00:00,6805.3
2024-05-25 19:00:00,5093.7
2024-05-25 20:00:00,5297.6
2024-05-25 21:00:00,5409.6
2024-05-25 22:00:00,5420.4
2024-05-25 23:00:00,5171.9
2024-05-26 00:00:00,4881.6
2024-05-26 01:00:00,4585.8
2024-05-26 02:00:00,4296.4
2024-05-26 03:00:00,4104.5
2024-05-26 04:00:00,3992.3
2024-05-26 05:00:00,3911.9
2024-05-26 06:00:00,3887.6
2024-05-26 07:00:00,3952.4
2024-05-26 08:00:00,5005.6
2024-05-26 09:00:00,5937.2
2024-05-26 10:00:00,6415.0
2024-05-26 11:00:00,6666.7
2024-05-26 12:00:00,6815.6
2024-05-26 13:00:00,7117.7
2024-05-26 14:00:00,6825.4
2024-05-26 15:00:00,6579.5
2024-05-26 16:00:00,6186.5
2024-05-26 17:00:00,6094.0
2024-05-26 18:00:00,6135.8
2024-05-26 19:00:00,5921.3
2024-05-26 20:00:00,5580.7
2024-05-26 21:00:00,5267.5
2024-05-26 22:00:00,5328.2
2024-05-26 23:00:00,5408.6
2024-05-27 00:00:00,5196.5
2024-05-27 01:00:00,5043.3
2024-05-27 02:00:00,4801.2
2024-05-27 03:00:00,4667.3
2024-05-27 04:00:00,4714.4
2024-05-27 05:00:00,4576.0
2024-05-27 06:00:00,4229.6
2024-05-27 07:00:00,4582.7
2024-05-27 08:00:00,5170.1
2024-05-27 09:00:00,6275.7
2024-05-27 10:00:00,6748.0
2024-05-27 11:00:00,7017.2
2024-05-27 12:00:00,6723.7
2024-05-27 13:00:00,6939.3
2024-05-27 14:00:00,6884.6
2024-05-27 15:00:00,7183.2
2024-05-27 16:00:00,7207.0
2024-05-27 17:00:00,7032.4
2024-05-27 18:00:00,6732.6
2024-05-27 19:00:00,6562.3
2024-05-27 20:00:00,6282.1
2024-05-27 21:00:00,6528.8
2024-05-27 22:00:00,6503.2
2024-05-27 23:00:00,6051.5
2024-05-28 00:00:00,5522.3
2024-05-28 01:00:00,5115.1
2024-05-28 02:00:00,4840.3
2024-05-28 03:00:00,4672.1
2024-05-28 04:00:00,4535.2
2024-05-28 05:00:00,4494.6
2024-05-28 06:00:00,4657.1
2024-05-28 07:00:00,4913.4
2024-05-28 08:00:00,5546.2
2024-05-28 09:00:00,6105.6
2024-05-28 10:00:00,6921.6
2024-05-28 11:00:00,6766.5
2024-05-28 12:00:00,6871.1
2024-05-28 13:00:00,6775.0
2024-05-28 14:00:00,6843.0
2024-05-28 15:00:00,7771.9
2024-05-28 16:00:00,7578.7
2024-05-28 17:00:00,7296.6
2024-05-28 18:00:00,7035.0
2024-05-28 19:00:00,6032.0
2024-05-28 20:00:00,6254.2
2024-05-28 21:00:00,6433.9
2024-05-28 22:00:00,6530.9
2024-05-28 23:00:00,6062.1
2024-05-29 00:00:00,5483.5
2024-05-29 01:00:00,5038.9
2024-05-29 02:00:00,4739.6
2024-05-29 03:00:00,4559.1
2024-05-29 04:00:00,4446.4
2024-05-29 05:00:00,4408.8
2024-05-29 06:00:00,4491.2
2024-05-29 07:00:00,4685.6
2024-05-29 08:00:00,5311.5
2024-05-29 09:00:00,6065.1
2024-05-29 10:00:00,6187.9
2024-05-29 11:00:00,6531.4
2024-05-29 12:00:00,6347.2
2024-05-29 13:00:00,7091.2
2024-05-29 14:00:00,6968.4
2024-05-29 15:00:00,7467.4
2024-05-29 16:00:00,7382.1
2024-05-29 17:00:00,6790.3
2024-05-29 18:00:00,5824.0
2024-05-29 19:00:00,6019.4
2024-05-29 20:00:00,6408.7
2024-05-29 21:00:00,6598.4
2024-05-29 22:00:00,6575.9
2024-05-29 23:00:00,6206.0
2024-05-30 00:00:00,5609.4
2024-05-30 01:00:00,5039.7
2024-05-30 02:00:00,4754.7
2024-05-30 03:00:00,4572.3
2024-05-30 04:00:00,4418.6
2024-05-30 05:00:00,4380.5
2024-05-30 06:00:00,4374.0
2024-05-30 07:00:00,4305.4
2024-05-30 08:00:00,4496.0
2024-05-30 09:00:00,4772.4
2024-05-30 10:00:00,5541.3
2024-05-30 11:00:00,6284.0
2024-05-30 12:00:00,6495.0
2024-05-30 13:00:00,6751.3
2024-05-30 14:00:00,6584.1
2024-05-30 15:00:00,6505.5
2024-05-30 16:00:00,6420.9
2024-05-30 17:00:00,6462.9
2024-05-30 18:00:00,6241.0
2024-05-30 19:00:00,6224.8
2024-05-30 20:00:00,5396.0
2024-05-30 21:00:00,5623.1
2024-05-30 22:00:00,5718.7
2024-05-30 23:00:00,5454.1
2024-05-31 00:00:00,5107.1
2024-05-31 01:00:00,4786.1
2024-05-31 02:00:00,4553.3
2024-05-31 03:00:00,4750.3
2024-05-31 04:00:00,4652.3
2024-05-31 05:00:00,4389.0
2024-05-31 06:00:00,4346.2
2024-05-31 07:00:00,4612.7
2024-05-31 08:00:00,5530.3
2024-05-31 09:00:00,6423.0
2024-05-31 10:00:00,7412.8
2024-05-31 11:00:00,7393.6
2024-05-31 12:00:00,7431.3
2024-05-31 13:00:00,7383.3
2024-05-31 14:00:00,7219.4
2024-05-31 15:00:00,7280.9
2024-05-31 16:00:00,7101.1
2024-05-31 17:00:00,7111.3
2024-05-31 18:00:00,7111.2
2024-05-31 19:00:00,6772.2
2024-05-31 20:00:00,6235.3
2024-05-31 21:00:00,6190.7
2024-05-31 22:00:00,6104.4
2024-05-31 23:00:00,5913.3
2024-06-01 00:00:00,5212.9
2024-06-01 01:00:00,4966.7
2024-06-01 02:00:00,4657.5
2024-06-01 03:00:00,4660.6
2024-06-01 04:00:00,4562.4
2024-06-01 05:00:00,4083.4
2024-06-01 06:00:00,4173.2
2024-06-01 07:00:00,4165.9
2024-06-01 08:00:00,4920.3
2024-06-01 09:00:00,5469.9
2024-06-01 10:00:00,6378.2
2024-06-01 11:00:00,6635.5
2024-06-01 12:00:00,6792.3
2024-06-01 13:00:00,6807.4
2024-06-01 14:00:00,6475.5
2024-06-01 15:00:00,6191.3
2024-06-01 16:00:00,6102.8
2024-06-01 17:00:00,5999.4
2024-06-01 18:00:00,5955.4
2024-06-01 19:00:00,6410.7
2024-06-01 20:00:00,5252.0
2024-06-01 21:00:00,5462.1
2024-06-01 22:00:00,5484.2
2024-06-01 23:00:00,5250.7
2024-06-02 00:00:00,4953.2
2024-06-02 01:00:00,4718.9
2024-06-02 02:00:00,4432.9
2024-06-02 03:00:00,4239.4
2024-06-02 04:00:00,4123.9
2024-06-02 05:00:00,4054.9
2024-06-02 06:00:00,4043.8
2024-06-02 07:00:00,3976.3
2024-06-02 08:00:00,4773.1
2024-06-02 09:00:00,5173.3
2024-06-02 10:00:00,5516.7
2024-06-02 11:00:00,5699.0
2024-06-02 12:00:00,5861.3
2024-06-02 13:00:00,5933.7
2024-06-02 14:00:00,5659.6
2024-06-02 15:00:00,5353.7
2024-06-02 16:00:00,5241.3
2024-06-02 17:00:00,5244.9
2024-06-02 18:00:00,5328.8
2024-06-02 19:00:00,5724.4
2024-06-02 20:00:00,5170.1
2024-06-02 21:00:00,5386.2
2024-06-02 22:00:00,5442.0
2024-06-02 23:00:00,5220.4
2024-06-03 00:00:00,5166.4
2024-06-03 01:00:00,5097.2
2024-06-03 02:00:00,5069.5
2024-06-03 03:00:00,4922.1
2024-06-03 04:00:00,4633.7
2024-06-03 05:00:00,4406.1
2024-06-03 06:00:00,4247.4
2024-06-03 07:00:00,4461.4
2024-06-03 08:00:00,4982.0
2024-06-03 09:00:00,5651.9
2024-06-03 10:00:00,6421.6
2024-06-03 11:00:00,5737.6
2024-06-03 12:00:00,5830.5
2024-06-03 13:00:00,5763.5
2024-06-03 14:00:00,5676.0
2024-06-03 15:00:00,6029.2
2024-06-03 16:00:00,5971.0
2024-06-03 17:00:00,5873.4
2024-06-03 18:00:00,5879.1
2024-06-03 19:00:00,6051.5
2024-06-03 20:00:00,6345.6
2024-06-03 21:00:00,6518.6
2024-06-03 22:00:00,6534.8
2024-06-03 23:00:00,6100.9
2024-06-04 00:00:00,5611.6
2024-06-04 01:00:00,5175.4
2024-06-04 02:00:00,4885.6
2024-06-04 03:00:00,4677.2
2024-06-04 04:00:00,4594.0
2024-06-04 05:00:00,4501.3
2024-06-04 06:00:00,4517.5
2024-06-04 07:00:00,4686.0
2024-06-04 08:00:00,5302.3
2024-06-04 09:00:00,5953.3
2024-06-04 10:00:00,6116.7
2024-06-04 11:00:00,6080.3
2024-06-04 12:00:00,6081.9
2024-06-04 13:00:00,5961.7
2024-06-04 14:00:00,6033.3
2024-06-04 15:00:00,6337.2
2024-06-04 16:00:00,6329.3
2024-06-04 17:00:00,6113.4
2024-06-04 18:00:00,5967.0
2024-06-04 19:00:00,6087.7
2024-06-04 20:00:00,6438.2
2024-06-04 21:00:00,6572.0
2024-06-04 22:00:00,6620.3
2024-06-04 23:00:00,6180.7
2024-06-05 00:00:00,5365.0
2024-06-05 01:00:00,5112.4
2024-06-05 02:00:00,4842.2
2024-06-05 03:00:00,4660.7
2024-06-05 04:00:00,4570.3
2024-06-05 05:00:00,4445.6
2024-06-05 06:00:00,4488.7
2024-06-05 07:00:00,4704.3
2024-06-05 08:00:00,5330.2
2024-06-05 09:00:00,6021.6
2024-06-05 10:00:00,6171.0
2024-06-05 11:00:00,6688.9
2024-06-05 12:00:00,6874.4
2024-06-05 13:00:00,6773.1
2024-06-05 14:00:00,6659.6
2024-06-05 15:00:00,6980.8
2024-06-05 16:00:00,6930.5
2024-06-05 17:00:00,6707.5
2024-06-05 18:00:00,6024.8
2024-06-05 19:00:00,6187.0
2024-06-05 20:00:00,6436.1
2024-06-05 21:00:00,6627.4
2024-06-05 22:00:00,6569.7
2024-06-05 23:00:00,6150.0
2024-06-06 00:00:00,5566.5
2024-06-06 01:00:00,5142.1
2024-06-06 02:00:00,4825.6
2024-06-06 03:00:00,4626.0
2024-06-06 04:00:00,4584.8
2024-06-06 05:00:00,4460.8
2024-06-06 06:00:00,4500.4
2024-06-06 07:00:00,4710.4
2024-06-06 08:00:00,5268.6
2024-06-06 09:00:00,5946.3
2024-06-06 10:00:00,5995.2
2024-06-06 11:00:00,5968.0
2024-06-06 12:00:00,6437.4
2024-06-06 13:00:00,6571.9
2024-06-06 14:00:00,6573.3
2024-06-06 15:00:00,6698.2
2024-06-06 16:00:00,6440.2
2024-06-06 17:00:00,6070.9
2024-06-06 18:00:00,6066.9
2024-06-06 19:00:00,6270.5
2024-06-06 20:00:00,6569.8
2024-06-06 21:00:00,6654.8
2024-06-06 22:00:00,6552.2
2024-06-06 23:00:00,6103.1
2024-06-07 00:00:00,5448.0
2024-06-07 01:00:00,5081.8
2024-06-07 02:00:00,4797.1
2024-06-07 03:00:00,4594.4
2024-06-07 04:00:00,4502.8
2024-06-07 05:00:00,4419.4
2024-06-07 06:00:00,4488.7
2024-06-07 07:00:00,4658.0
2024-06-07 08:00:00,5195.6
2024-06-07 09:00:00,5957.6
2024-06-07 10:00:00,6166.3
2024-06-07 11:00:00,6883.2
2024-06-07 12:00:00,6973.5
2024-06-07 13:00:00,7137.7
2024-06-07 14:00:00,7378.7
2024-06-07 15:00:00,6930.4
2024-06-07 16:00:00,6755.7
2024-06-07 17:00:00,6733.3
2024-06-07 18:00:00,6320.2
2024-06-07 19:00:00,6329.4
2024-06-07 20:00:00,6547.0
2024-06-07 21:00:00,6515.1
2024-06-07 22:00:00,6415.2
2024-06-07 23:00:00,5981.5
2024-06-08 00:00:00,5381.9
2024-06-08 01:00:00,4987.5
2024-06-08 02:00:00,4608.2
2024-06-08 03:00:00,4400.1
2024-06-08 04:00:00,4214.8
2024-06-08 05:00:00,4146.6
2024-06-08 06:00:00,4153.5
2024-06-08 07:00:00,4165.6
2024-06-08 08:00:00,4373.9
2024-06-08 09:00:00,4763.0
2024-06-08 10:00:00,5074.1
2024-06-08 11:00:00,5224.0
2024-06-08 12:00:00,5635.9
2024-06-08 13:00:00,6186.3
2024-06-08 14:00:00,6243.5
2024-06-08 15:00:00,6256.4
2024-06-08 16:00:00,6665.7
2024-06-08 17:00:00,6425.9
2024-06-08 18:00:00,5924.9
2024-06-08 19:00:00,5467.9
2024-06-08 20:00:00,5292.1
2024-06-08 21:00:00,5445.7
2024-06-08 22:00:00,5458.9
2024-06-08 23:00:00,5216.0
2024-06-09 00:00:00,4904.5
2024-06-09 01:00:00,4720.6
2024-06-09 02:00:00,4596.1
2024-06-09 03:00:00,4492.2
2024-06-09 04:00:00,4372.3
2024-06-09 05:00:00,4344.4
2024-06-09 06:00:00,4334.0
2024-06-09 07:00:00,5155.2
2024-06-09 08:00:00,5255.0
2024-06-09 09:00:00,5750.4
2024-06-09 10:00:00,6277.0
2024-06-09 11:00:00,6465.6
2024-06-09 12:00:00,6755.5
2024-06-09 13:00:00,6801.7
2024-06-09 14:00:00,6487.8
2024-06-09 15:00:00,6247.9
2024-06-09 16:00:00,6149.6
2024-06-09 17:00:00,6003.4
2024-06-09 18:00:00,5901.4
2024-06-09 19:00:00,5514.7
2024-06-09 20:00:00,5553.5
2024-06-09 21:00:00,5386.3
2024-06-09 22:00:00,5462.0
2024-06-09 23:00:00,5201.3
2024-06-10 00:00:00,4839.0
2024-06-10 01:00:00,4623.7
2024-06-10 02:00:00,4546.0
2024-06-10 03:00:00,4222.3
2024-06-10 04:00:00,4055.8
2024-06-10 05:00:00,4015.1
2024-06-10 06:00:00,4038.5
2024-06-10 07:00:00,3977.5
2024-06-10 08:00:00,4195.0
2024-06-10 09:00:00,4696.0
2024-06-10 10:00:00,5375.0
2024-06-10 11:00:00,5820.1
2024-06-10 12:00:00,5992.1
2024-06-10 13:00:00,5958.1
2024-06-10 14:00:00,5862.0
2024-06-10 15:00:00,5802.2
2024-06-10 16:00:00,5713.5
2024-06-10 17:00:00,5730.2
2024-06-10 18:00:00,5541.7
2024-06-10 19:00:00,5114.7
2024-06-10 20:00:00,5464.9
2024-06-10 21:00:00,5645.3
2024-06-10 22:00:00,5788.9
2024-06-10 23:00:00,5537.5
2024-06-11 00:00:00,5152.4
2024-06-11 01:00:00,4919.2
2024-06-11 02:00:00,4654.1
2024-06-11 03:00:00,4473.1
2024-06-11 04:00:00,4397.4
2024-06-11 05:00:00,4304.4
2024-06-11 06:00:00,4413.7
2024-06-11 07:00:00,4635.2
2024-06-11 08:00:00,5129.4
2024-06-11 09:00:00,5764.3
2024-06-11 10:00:00,5938.9
2024-06-11 11:00:00,6568.5
2024-06-11 12:00:00,6600.5
2024-06-11 13:00:00,6576.3
2024-06-11 14:00:00,6627.4
2024-06-11 15:00:00,6594.0
2024-06-11 16:00:00,6676.9
2024-06-11 17:00:00,6725.2
2024-06-11 18:00:00,6051.8
2024-06-11 19:00:00,6057.0
2024-06-11 20:00:00,6376.3
2024-06-11 21:00:00,6498.3
2024-06-11 22:00:00,6431.8
2024-06-11 23:00:00,6046.8
2024-06-12 00:00:00,5539.1
2024-06-12 01:00:00,5248.3
2024-06-12 02:00:00,4944.2
2024-06-12 03:00:00,4765.5
2024-06-12 04:00:00,4636.6
2024-06-12 05:00:00,4507.7
2024-06-12 06:00:00,4566.0
2024-06-12 07:00:00,4725.5
2024-06-12 08:00:00,5412.1
2024-06-12 09:00:00,6308.9
2024-06-12 10:00:00,6706.7
2024-06-12 11:00:00,6726.4
2024-06-12 12:00:00,6767.7
2024-06-12 13:00:00,6677.5
2024-06-12 14:00:00,6533.4
2024-06-12 15:00:00,6779.5
2024-06-12 16:00:00,6816.3
2024-06-12 17:00:00,6804.7
2024-06-12 18:00:00,6653.2
2024-06-12 19:00:00,6073.3
2024-06-12 20:00:00,6418.5
2024-06-12 21:00:00,6477.5
2024-06-12 22:00:00,6459.3
2024-06-12 23:00:00,6073.4
2024-06-13 00:00:00,5461.5
2024-06-13 01:00:00,5179.7
2024-06-13 02:00:00,4887.8
2024-06-13 03:00:00,4712.8
2024-06-13 04:00:00,4626.1
2024-06-13 05:00:00,4513.5
2024-06-13 06:00:00,4533.4
2024-06-13 07:00:00,4759.0
2024-06-13 08:00:00,5304.8
2024-06-13 09:00:00,5909.2
2024-06-13 10:00:00,6055.7
2024-06-13 11:00:00,6121.3
2024-06-13 12:00:00,6454.4
2024-06-13 13:00:00,6648.9
2024-06-13 14:00:00,6771.1
2024-06-13 15:00:00,6800.8
2024-06-13 16:00:00,6871.8
2024-06-13 17:00:00,6916.2
2024-06-13 18:00:00,6817.7
2024-06-13 19:00:00,6090.3
2024-06-13 20:00:00,6285.6
2024-06-13 21:00:00,6384.9
2024-06-13 22:00:00,6408.7
2024-06-13 23:00:00,6029.3
2024-06-14 00:00:00,5550.2
2024-06-14 01:00:00,5204.9
2024-06-14 02:00:00,4973.5
2024-06-14 03:00:00,4788.9
2024-06-14 04:00:00,4668.7
2024-06-14 05:00:00,4560.1
2024-06-14 06:00:00,4586.6
2024-06-14 07:00:00,4787.7
2024-06-14 08:00:00,5238.1
2024-06-14 09:00:00,5877.0
2024-06-14 10:00:00,6215.7
2024-06-14 11:00:00,7102.4
2024-06-14 12:00:00,7361.8
2024-06-14 13:00:00,7681.6
2024-06-14 14:00:00,7844.9
2024-06-14 15:00:00,7954.8
2024-06-14 16:00:00,8031.7
2024-06-14 17:00:00,8033.2
2024-06-14 18:00:00,7891.3
2024-06-14 19:00:00,7047.8
2024-06-14 20:00:00,6321.3
2024-06-14 21:00:00,6394.1
2024-06-14 22:00:00,6295.5
2024-06-14 23:00:00,5918.7
2024-06-15 00:00:00,5404.9
2024-06-15 01:00:00,5134.4
2024-06-15 02:00:00,4851.4
2024-06-15 03:00:00,4662.1
2024-06-15 04:00:00,4436.9
2024-06-15 05:00:00,4380.4
2024-06-15 06:00:00,4330.4
2024-06-15 07:00:00,4299.8
2024-06-15 08:00:00,5226.4
2024-06-15 09:00:00,6212.7
2024-06-15 10:00:00,6592.7
2024-06-15 11:00:00,6868.2
2024-06-15 12:00:00,6951.5
2024-06-15 13:00:00,7078.0
2024-06-15 14:00:00,6886.7
2024-06-15 15:00:00,6803.2
2024-06-15 16:00:00,6738.7
2024-06-15 17:00:00,6611.3
2024-06-15 18:00:00,6692.6
2024-06-15 19:00:00,6137.5
2024-06-15 20:00:00,5414.3
2024-06-15 21:00:00,5496.7
2024-06-15 22:00:00,5536.3
2024-06-15 23:00:00,5403.4
2024-06-16 00:00:00,4974.3
2024-06-16 01:00:00,4645.3
2024-06-16 02:00:00,4359.2
2024-06-16 03:00:00,4169.3
2024-06-16 04:00:00,3961.1
2024-06-16 05:00:00,3889.7
2024-06-16 06:00:00,3840.3
2024-06-16 07:00:00,3758.7
2024-06-16 08:00:00,4921.4
2024-06-16 09:00:00,5676.7
2024-06-16 10:00:00,6089.7
2024-06-16 11:00:00,6330.1
2024-06-16 12:00:00,6587.5
2024-06-16 13:00:00,6807.2
2024-06-16 14:00:00,6574.3
2024-06-16 15:00:00,6379.7
2024-06-16 16:00:00,6289.3
2024-06-16 17:00:00,6154.2
2024-06-16 18:00:00,6103.0
2024-06-16 19:00:00,6170.8
2024-06-16 20:00:00,5100.0
2024-06-16 21:00:00,5302.4
2024-06-16 22:00:00,5428.6
2024-06-16 23:00:00,5241.3
2024-06-17 00:00:00,4873.3
2024-06-17 01:00:00,4660.2
2024-06-17 02:00:00,4418.0
2024-06-17 03:00:00,4255.6
2024-06-17 04:00:00,4184.7
2024-06-17 05:00:00,4093.1
2024-06-17 06:00:00,4204.2
2024-06-17 07:00:00,4414.7
2024-06-17 08:00:00,4958.6
2024-06-17 09:00:00,5663.4
2024-06-17 10:00:00,5944.3
2024-06-17 11:00:00,6113.0
2024-06-17 12:00:00,6249.9
2024-06-17 13:00:00,6564.8
2024-06-17 14:00:00,6749.6
2024-06-17 15:00:00,7733.8
2024-06-17 16:00:00,7805.1
2024-06-17 17:00:00,7819.8
2024-06-17 18:00:00,7645.6
2024-06-17 19:00:00,6188.9
2024-06-17 20:00:00,6479.5
2024-06-17 21:00:00,6602.2
2024-06-17 22:00:00,6543.3
2024-06-17 23:00:00,6184.7
2024-06-18 00:00:00,5648.5
2024-06-18 01:00:00,5189.4
2024-06-18 02:00:00,4912.0
2024-06-18 03:00:00,4732.4
2024-06-18 04:00:00,4636.9
2024-06-18 05:00:00,4545.6
2024-06-18 06:00:00,4628.2
2024-06-18 07:00:00,4890.4
2024-06-18 08:00:00,5429.1
2024-06-18 09:00:00,6143.9
2024-06-18 10:00:00,6329.1
2024-06-18 11:00:00,6271.5
2024-06-18 12:00:00,6613.1
2024-06-18 13:00:00,7214.3
2024-06-18 14:00:00,7713.0
2024-06-18 15:00:00,7701.9
2024-06-18 16:00:00,7643.8
2024-06-18 17:00:00,7383.0
2024-06-18 18:00:00,6039.9
2024-06-18 19:00:00,6256.4
2024-06-18 20:00:00,6622.6
2024-06-18 21:00:00,6721.7
2024-06-18 22:00:00,6669.3
2024-06-18 23:00:00,6292.2
2024-06-19 00:00:00,5550.4
2024-06-19 01:00:00,5228.7
2024-06-19 02:00:00,4959.8
2024-06-19 03:00:00,4741.7
2024-06-19 04:00:00,4628.2
2024-06-19 05:00:00,4443.2
2024-06-19 06:00:00,4480.4
2024-06-19 07:00:00,4713.8
2024-06-19 08:00:00,5256.8
2024-06-19 09:00:00,5974.6
2024-06-19 10:00:00,6145.6
2024-06-19 11:00:00,6150.7
2024-06-19 12:00:00,6202.8
2024-06-19 13:00:00,6496.7
2024-06-19 14:00:00,6710.7
2024-06-19 15:00:00,6976.5
2024-06-19 16:00:00,7030.2
2024-06-19 17:00:00,6997.3
2024-06-19 18:00:00,6244.3
2024-06-19 19:00:00,6216.6
2024-06-19 20:00:00,6437.1
2024-06-19 21:00:00,6498.8
2024-06-19 22:00:00,6438.3
2024-06-19 23:00:00,6037.0
2024-06-20 00:00:00,5499.7
2024-06-20 01:00:00,5135.0
2024-06-20 02:00:00,4893.1
2024-06-20 03:00:00,4742.9
2024-06-20 04:00:00,4664.6
2024-06-20 05:00:00,4560.1
2024-06-20 06:00:00,4594.4
2024-06-20 07:00:00,4868.9
2024-06-20 08:00:00,5333.9
2024-06-20 09:00:00,6004.3
2024-06-20 10:00:00,6244.2
2024-06-20 11:00:00,6388.2
2024-06-20 12:00:00,7020.6
2024-06-20 13:00:00,6979.7
2024-06-20 14:00:00,6856.6
2024-06-20 15:00:00,6875.8
2024-06-20 16:00:00,6967.8
2024-06-20 17:00:00,7006.8
2024-06-20 18:00:00,6142.4
2024-06-20 19:00:00,6234.7
2024-06-20 20:00:00,6494.7
2024-06-20 21:00:00,6566.8
2024-06-20 22:00:00,6409.1
2024-06-20 23:00:00,6078.0
2024-06-21 00:00:00,5391.2
2024-06-21 01:00:00,5131.3
2024-06-21 02:00:00,4857.1
2024-06-21 03:00:00,4669.6
2024-06-21 04:00:00,4557.3
2024-06-21 05:00:00,4436.3
2024-06-21 06:00:00,4412.6
2024-06-21 07:00:00,4607.1
2024-06-21 08:00:00,5141.9
2024-06-21 09:00:00,5827.5
2024-06-21 10:00:00,6174.4
2024-06-21 11:00:00,6334.6
2024-06-21 12:00:00,6335.2
2024-06-21 13:00:00,6480.4
2024-06-21 14:00:00,7186.1
2024-06-21 15:00:00,7273.5
2024-06-21 16:00:00,7353.4
2024-06-21 17:00:00,7180.5
2024-06-21 18:00:00,6036.9
2024-06-21 19:00:00,5952.0
2024-06-21 20:00:00,6204.2
2024-06-21 21:00:00,6328.9
2024-06-21 22:00:00,6251.2
2024-06-21 23:00:00,5901.5
2024-06-22 00:00:00,5335.6
2024-06-22 01:00:00,5146.8
2024-06-22 02:00:00,4817.5
2024-06-22 03:00:00,4594.0
2024-06-22 04:00:00,4485.9
2024-06-22 05:00:00,4404.8
2024-06-22 06:00:00,4365.5
2024-06-22 07:00:00,4347.7
2024-06-22 08:00:00,5412.0
2024-06-22 09:00:00,5804.4
2024-06-22 10:00:00,6343.2
2024-06-22 11:00:00,6600.0
2024-06-22 12:00:00,6702.0
2024-06-22 13:00:00,6733.1
2024-06-22 14:00:00,6789.2
2024-06-22 15:00:00,6902.1
2024-06-22 16:00:00,6927.5
2024-06-22 17:00:00,6733.2
2024-06-22 18:00:00,6783.2
2024-06-22 19:00:00,6067.5
2024-06-22 20:00:00,5537.8
2024-06-22 21:00:00,5679.0
2024-06-22 22:00:00,5629.5
2024-06-22 23:00:00,5373.4
2024-06-23 00:00:00,5029.7
2024-06-23 01:00:00,4789.5
2024-06-23 02:00:00,4483.5
2024-06-23 03:00:00,4258.0
2024-06-23 04:00:00,4131.7
2024-06-23 05:00:00,4059.2
2024-06-23 06:00:00,4002.2
2024-06-23 07:00:00,3932.8
2024-06-23 08:00:00,4792.4
2024-06-23 09:00:00,5087.6
2024-06-23 10:00:00,5930.6
2024-06-23 11:00:00,6096.2
2024-06-23 12:00:00,6397.3
2024-06-23 13:00:00,6632.7
2024-06-23 14:00:00,6347.2
2024-06-23 15:00:00,5670.4
2024-06-23 16:00:00,5687.8
2024-06-23 17:00:00,5635.4
2024-06-23 18:00:00,5598.4
2024-06-23 19:00:00,6151.8
2024-06-23 20:00:00,5257.5
2024-06-23 21:00:00,5435.0
2024-06-23 22:00:00,5482.7
2024-06-23 23:00:00,5294.1
2024-06-24 00:00:00,4897.7
2024-06-24 01:00:00,4539.5
2024-06-24 02:00:00,4257.1
2024-06-24 03:00:00,4336.2
2024-06-24 04:00:00,4284.6
2024-06-24 05:00:00,4045.5
2024-06-24 06:00:00,4067.9
2024-06-24 07:00:00,4374.4
2024-06-24 08:00:00,4907.9
2024-06-24 09:00:00,6123.9
2024-06-24 10:00:00,6428.2
2024-06-24 11:00:00,6224.5
2024-06-24 12:00:00,6303.7
2024-06-24 13:00:00,6328.8
2024-06-24 14:00:00,6295.2
2024-06-24 15:00:00,5865.2
2024-06-24 16:00:00,5851.6
2024-06-24 17:00:00,5918.0
2024-06-24 18:00:00,5976.9
2024-06-24 19:00:00,5953.0
2024-06-24 20:00:00,6199.8
2024-06-24 21:00:00,6299.4
2024-06-24 22:00:00,6252.0
2024-06-24 23:00:00,5909.5
2024-06-25 00:00:00,5511.2
2024-06-25 01:00:00,5122.0
2024-06-25 02:00:00,4872.5
2024-06-25 03:00:00,4702.2
2024-06-25 04:00:00,4626.2
2024-06-25 05:00:00,4573.6
2024-06-25 06:00:00,4537.7
2024-06-25 07:00:00,4730.1
2024-06-25 08:00:00,5326.5
2024-06-25 09:00:00,6133.8
2024-06-25 10:00:00,6315.3
2024-06-25 11:00:00,6955.3
2024-06-25 12:00:00,6984.4
2024-06-25 13:00:00,7157.9
2024-06-25 14:00:00,7002.3
2024-06-25 15:00:00,7050.6
2024-06-25 16:00:00,7046.3
2024-06-25 17:00:00,7069.3
2024-06-25 18:00:00,6258.7
2024-06-25 19:00:00,6284.5
2024-06-25 20:00:00,6562.2
2024-06-25 21:00:00,6615.2
2024-06-25 22:00:00,6510.0
2024-06-25 23:00:00,6164.1
2024-06-26 00:00:00,5562.6
2024-06-26 01:00:00,5121.9
2024-06-26 02:00:00,4872.0
2024-06-26 03:00:00,4681.9
2024-06-26 04:00:00,4601.3
2024-06-26 05:00:00,4469.0
2024-06-26 06:00:00,4483.7
2024-06-26 07:00:00,4644.0
2024-06-26 08:00:00,5159.7
2024-06-26 09:00:00,5942.1
2024-06-26 10:00:00,6183.8
2024-06-26 11:00:00,6134.2
2024-06-26 12:00:00,6176.9
2024-06-26 13:00:00,6081.1
2024-06-26 14:00:00,6031.2
2024-06-26 15:00:00,6108.9
2024-06-26 16:00:00,6097.8
2024-06-26 17:00:00,6027.3
2024-06-26 18:00:00,6011.2
2024-06-26 19:00:00,6007.9
2024-06-26 20:00:00,6345.2
2024-06-26 21:00:00,6427.4
2024-06-26 22:00:00,6343.5
2024-06-26 23:00:00,5953.6
2024-06-27 00:00:00,5419.6
2024-06-27 01:00:00,5132.8
2024-06-27 02:00:00,4888.2
2024-06-27 03:00:00,4720.5
2024-06-27 04:00:00,4613.5
2024-06-27 05:00:00,4472.3
2024-06-27 06:00:00,4466.6
2024-06-27 07:00:00,4709.0
2024-06-27 08:00:00,5257.2
2024-06-27 09:00:00,5986.8
2024-06-27 10:00:00,6297.6
2024-06-27 11:00:00,6327.7
2024-06-27 12:00:00,6821.5
2024-06-27 13:00:00,6888.2
2024-06-27 14:00:00,6871.6
2024-06-27 15:00:00,7374.1
2024-06-27 16:00:00,7335.3
2024-06-27 17:00:00,7206.8
2024-06-27 18:00:00,6640.1
2024-06-27 19:00:00,6294.4
2024-06-27 20:00:00,6560.7
2024-06-27 21:00:00,6615.2
2024-06-27 22:00:00,6573.5
2024-06-27 23:00:00,6168.2
2024-06-28 00:00:00,5519.2
2024-06-28 01:00:00,5151.8
2024-06-28 02:00:00,4855.9
2024-06-28 03:00:00,4675.7
2024-06-28 04:00:00,4586.7
2024-06-28 05:00:00,4477.6
2024-06-28 06:00:00,4505.2
2024-06-28 07:00:00,4713.1
2024-06-28 08:00:00,5283.6
2024-06-28 09:00:00,6002.5
2024-06-28 10:00:00,6304.8
2024-06-28 11:00:00,6383.6
2024-06-28 12:00:00,6475.0
2024-06-28 13:00:00,6742.6
2024-06-28 14:00:00,6792.6
2024-06-28 15:00:00,7426.3
2024-06-28 16:00:00,7475.9
2024-06-28 17:00:00,7410.4
2024-06-28 18:00:00,6416.8
2024-06-28 19:00:00,6120.7
2024-06-28 20:00:00,6451.9
2024-06-28 21:00:00,6519.9
2024-06-28 22:00:00,6479.0
2024-06-28 23:00:00,6109.4
2024-06-29 00:00:00,5610.0
2024-06-29 01:00:00,5203.7
2024-06-29 02:00:00,4970.0
2024-06-29 03:00:00,4772.8
2024-06-29 04:00:00,4787.8
2024-06-29 05:00:00,5027.7
2024-06-29 06:00:00,4578.5
2024-06-29 07:00:00,4273.5
2024-06-29 08:00:00,5009.5
2024-06-29 09:00:00,5922.9
2024-06-29 10:00:00,6206.9
2024-06-29 11:00:00,6425.3
2024-06-29 12:00:00,6514.5
2024-06-29 13:00:00,6642.2
2024-06-29 14:00:00,6971.9
2024-06-29 15:00:00,7029.5
2024-06-29 16:00:00,6256.9
2024-06-29 17:00:00,5948.9
2024-06-29 18:00:00,6014.3
2024-06-29 19:00:00,6073.6
2024-06-29 20:00:00,5455.3
2024-06-29 21:00:00,5516.9
2024-06-29 22:00:00,5490.9
2024-06-29 23:00:00,5254.9
2024-06-30 00:00:00,4916.6
2024-06-30 01:00:00,4633.2
2024-06-30 02:00:00,4353.0
2024-06-30 03:00:00,4094.4
2024-06-30 04:00:00,3908.8
2024-06-30 05:00:00,3845.9
2024-06-30 06:00:00,3812.3
2024-06-30 07:00:00,3734.4
2024-06-30 08:00:00,4175.2
2024-06-30 09:00:00,5282.5
2024-06-30 10:00:00,5597.3
2024-06-30 11:00:00,5816.3
2024-06-30 12:00:00,6364.4
2024-06-30 13:00:00,6326.9
2024-06-30 14:00:00,6519.7
2024-06-30 15:00:00,5903.2
2024-06-30 16:00:00,6008.9
2024-06-30 17:00:00,5980.1
2024-06-30 18:00:00,5812.1
2024-06-30 19:00:00,5929.7
2024-06-30 20:00:00,5381.0
2024-06-30 21:00:00,5392.7
2024-06-30 22:00:00,5411.6
2024-06-30 23:00:00,5266.9
2024-07-01 00:00:00,5066.3
2024-07-01 01:00:00,4992.4
2024-07-01 02:00:00,4726.9
2024-07-01 03:00:00,4504.2
2024-07-01 04:00:00,4394.0
2024-07-01 05:00:00,4372.3
2024-07-01 06:00:00,4313.4
2024-07-01 07:00:00,4610.7
2024-07-01 08:00:00,5175.9
2024-07-01 09:00:00,5896.5
2024-07-01 10:00:00,7007.7
2024-07-01 11:00:00,6231.4
2024-07-01 12:00:00,6410.9
2024-07-01 13:00:00,6452.9
2024-07-01 14:00:00,6565.8
2024-07-01 15:00:00,7266.6
2024-07-01 16:00:00,7263.8
2024-07-01 17:00:00,7176.6
2024-07-01 18:00:00,7131.3
2024-07-01 19:00:00,6904.2
2024-07-01 20:00:00,6804.3
2024-07-01 21:00:00,6847.7
2024-07-01 22:00:00,6739.5
2024-07-01 23:00:00,6338.9
2024-07-02 00:00:00,5740.3
2024-07-02 01:00:00,5279.8
2024-07-02 02:00:00,5271.2
2024-07-02 03:00:00,5301.6
2024-07-02 04:00:00,5176.9
2024-07-02 05:00:00,5269.9
2024-07-02 06:00:00,4651.7
2024-07-02 07:00:00,4916.9
2024-07-02 08:00:00,5558.7
2024-07-02 09:00:00,7183.9
2024-07-02 10:00:00,7250.3
2024-07-02 11:00:00,7037.5
2024-07-02 12:00:00,7133.3
2024-07-02 13:00:00,7043.8
2024-07-02 14:00:00,6978.9
2024-07-02 15:00:00,6651.8
2024-07-02 16:00:00,6681.4
2024-07-02 17:00:00,6631.1
2024-07-02 18:00:00,7072.7
2024-07-02 19:00:00,7130.4
2024-07-02 20:00:00,6857.3
2024-07-02 21:00:00,6819.4
2024-07-02 22:00:00,6743.8
2024-07-02 23:00:00,6401.5
2024-07-03 00:00:00,5870.8
2024-07-03 01:00:00,5469.2
2024-07-03 02:00:00,5152.7
2024-07-03 03:00:00,4948.6
2024-07-03 04:00:00,4904.8
2024-07-03 05:00:00,4875.7
2024-07-03 06:00:00,4678.7
2024-07-03 07:00:00,4840.0
2024-07-03 08:00:00,5401.2
2024-07-03 09:00:00,6277.4
2024-07-03 10:00:00,6993.5
2024-07-03 11:00:00,7040.6
2024-07-03 12:00:00,7267.9
2024-07-03 13:00:00,7276.5
2024-07-03 14:00:00,7231.9
2024-07-03 15:00:00,7210.5
2024-07-03 16:00:00,7232.1
2024-07-03 17:00:00,7132.1
2024-07-03 18:00:00,7612.0
2024-07-03 19:00:00,7544.2
2024-07-03 20:00:00,6788.4
2024-07-03 21:00:00,6781.1
2024-07-03 22:00:00,6678.8
2024-07-03 23:00:00,6380.2
2024-07-04 00:00:00,5875.8
2024-07-04 01:00:00,5454.8
2024-07-04 02:00:00,5051.5
2024-07-04 03:00:00,4876.1
2024-07-04 04:00:00,4782.3
2024-07-04 05:00:00,4723.5
2024-07-04 06:00:00,4663.8
2024-07-04 07:00:00,4818.5
2024-07-04 08:00:00,5425.8
2024-07-04 09:00:00,6250.5
2024-07-04 10:00:00,6545.7
2024-07-04 11:00:00,7379.9
2024-07-04 12:00:00,7548.2
2024-07-04 13:00:00,7592.5
2024-07-04 14:00:00,7552.6
2024-07-04 15:00:00,6545.0
2024-07-04 16:00:00,6576.0
2024-07-04 17:00:00,6627.3
2024-07-04 18:00:00,6949.8
2024-07-04 19:00:00,6711.3
2024-07-04 20:00:00,6898.2
2024-07-04 21:00:00,6844.8
2024-07-04 22:00:00,6732.0
2024-07-04 23:00:00,6412.0
2024-07-05 00:00:00,5921.1
2024-07-05 01:00:00,5456.9
2024-07-05 02:00:00,5125.0
2024-07-05 03:00:00,4866.3
2024-07-05 04:00:00,4771.9
2024-07-05 05:00:00,4748.6
2024-07-05 06:00:00,4652.7
2024-07-05 07:00:00,4838.5
2024-07-05 08:00:00,5357.3
2024-07-05 09:00:00,6214.6
2024-07-05 10:00:00,6897.9
2024-07-05 11:00:00,6990.7
2024-07-05 12:00:00,7628.0
2024-07-05 13:00:00,7905.1
2024-07-05 14:00:00,8146.9
2024-07-05 15:00:00,8234.5
2024-07-05 16:00:00,8264.1
2024-07-05 17:00:00,6833.9
2024-07-05 18:00:00,6715.0
2024-07-05 19:00:00,6665.1
2024-07-05 20:00:00,6683.9
2024-07-05 21:00:00,6657.7
2024-07-05 22:00:00,6514.8
2024-07-05 23:00:00,6180.0
2024-07-06 00:00:00,5630.2
2024-07-06 01:00:00,5108.6
2024-07-06 02:00:00,4794.0
2024-07-06 03:00:00,4626.4
2024-07-06 04:00:00,4489.9
2024-07-06 05:00:00,4456.3
2024-07-06 06:00:00,4305.1
2024-07-06 07:00:00,4239.3
2024-07-06 08:00:00,5217.1
2024-07-06 09:00:00,6635.3
2024-07-06 10:00:00,7205.8
2024-07-06 11:00:00,7447.9
2024-07-06 12:00:00,7545.7
2024-07-06 13:00:00,7718.9
2024-07-06 14:00:00,7505.8
2024-07-06 15:00:00,7370.4
2024-07-06 16:00:00,7275.9
2024-07-06 17:00:00,7132.0
2024-07-06 18:00:00,7059.6
2024-07-06 19:00:00,6887.4
2024-07-06 20:00:00,6515.2
2024-07-06 21:00:00,5655.1
2024-07-06 22:00:00,5573.4
2024-07-06 23:00:00,5374.4
2024-07-07 00:00:00,5880.0
2024-07-07 01:00:00,5506.4
2024-07-07 02:00:00,5234.2
2024-07-07 03:00:00,5046.3
2024-07-07 04:00:00,4924.7
2024-07-07 05:00:00,4887.1
2024-07-07 06:00:00,4732.0
2024-07-07 07:00:00,4686.1
2024-07-07 08:00:00,4873.2
2024-07-07 09:00:00,6025.9
2024-07-07 10:00:00,6532.2
2024-07-07 11:00:00,6809.8
2024-07-07 12:00:00,7042.0
2024-07-07 13:00:00,7251.0
2024-07-07 14:00:00,7045.5
2024-07-07 15:00:00,6864.8
2024-07-07 16:00:00,6724.5
2024-07-07 17:00:00,6562.2
2024-07-07 18:00:00,6346.7
2024-07-07 19:00:00,5763.8
2024-07-07 20:00:00,5369.4
2024-07-07 21:00:00,5356.0
2024-07-07 22:00:00,5524.4
2024-07-07 23:00:00,5303.0
2024-07-08 00:00:00,4994.1
2024-07-08 01:00:00,4828.2
2024-07-08 02:00:00,4533.8
2024-07-08 03:00:00,4391.8
2024-07-08 04:00:00,4311.8
2024-07-08 05:00:00,4247.8
2024-07-08 06:00:00,4169.8
2024-07-08 07:00:00,4452.9
2024-07-08 08:00:00,5063.9
2024-07-08 09:00:00,5804.1
2024-07-08 10:00:00,6850.4
2024-07-08 11:00:00,6819.6
2024-07-08 12:00:00,6998.4
2024-07-08 13:00:00,6887.5
2024-07-08 14:00:00,7012.8
2024-07-08 15:00:00,7198.7
2024-07-08 16:00:00,7269.6
2024-07-08 17:00:00,7068.1
2024-07-08 18:00:00,7093.7
2024-07-08 19:00:00,6526.0
2024-07-08 20:00:00,6833.6
2024-07-08 21:00:00,6752.1
2024-07-08 22:00:00,6607.6
2024-07-08 23:00:00,6217.0
2024-07-09 00:00:00,5640.0
2024-07-09 01:00:00,5333.3
2024-07-09 02:00:00,4886.9
2024-07-09 03:00:00,4668.0
2024-07-09 04:00:00,4874.4
2024-07-09 05:00:00,5269.0
2024-07-09 06:00:00,4546.7
2024-07-09 07:00:00,4729.4
2024-07-09 08:00:00,5276.7
2024-07-09 09:00:00,6216.6
2024-07-09 10:00:00,7240.9
2024-07-09 11:00:00,7310.6
2024-07-09 12:00:00,7605.6
2024-07-09 13:00:00,7808.6
2024-07-09 14:00:00,7656.3
2024-07-09 15:00:00,7641.2
2024-07-09 16:00:00,7464.6
2024-07-09 17:00:00,7424.5
2024-07-09 18:00:00,7362.9
2024-07-09 19:00:00,6594.6
2024-07-09 20:00:00,6777.6
2024-07-09 21:00:00,6829.5
2024-07-09 22:00:00,6702.6
2024-07-09 23:00:00,6283.4
2024-07-10 00:00:00,5777.4
2024-07-10 01:00:00,5360.7
2024-07-10 02:00:00,5058.4
2024-07-10 03:00:00,4885.7
2024-07-10 04:00:00,4797.7
2024-07-10 05:00:00,4726.4
2024-07-10 06:00:00,4629.0
2024-07-10 07:00:00,4827.0
2024-07-10 08:00:00,5443.7
2024-07-10 09:00:00,6237.3
2024-07-10 10:00:00,6600.6
2024-07-10 11:00:00,7201.5
2024-07-10 12:00:00,7562.6
2024-07-10 13:00:00,7408.6
2024-07-10 14:00:00,7535.6
2024-07-10 15:00:00,7738.4
2024-07-10 16:00:00,7758.3
2024-07-10 17:00:00,7482.7
2024-07-10 18:00:00,6611.5
2024-07-10 19:00:00,6618.4
2024-07-10 20:00:00,6848.9
2024-07-10 21:00:00,6800.3
2024-07-10 22:00:00,6663.2
2024-07-10 23:00:00,6311.1
2024-07-11 00:00:00,5576.8
2024-07-11 01:00:00,5365.9
2024-07-11 02:00:00,5065.4
2024-07-11 03:00:00,4835.2
2024-07-11 04:00:00,4756.0
2024-07-11 05:00:00,4702.4
2024-07-11 06:00:00,4625.8
2024-07-11 07:00:00,4778.2
2024-07-11 08:00:00,5359.2
2024-07-11 09:00:00,6185.9
2024-07-11 10:00:00,6518.4
2024-07-11 11:00:00,6657.8
2024-07-11 12:00:00,7632.9
2024-07-11 13:00:00,7651.4
2024-07-11 14:00:00,7889.1
2024-07-11 15:00:00,7959.0
2024-07-11 16:00:00,8014.0
2024-07-11 17:00:00,7665.2
2024-07-11 18:00:00,7454.4
2024-07-11 19:00:00,6701.5
2024-07-11 20:00:00,6892.1
2024-07-11 21:00:00,6874.1
2024-07-11 22:00:00,6764.5
2024-07-11 23:00:00,6428.7
2024-07-12 00:00:00,5774.4
2024-07-12 01:00:00,5403.8
2024-07-12 02:00:00,5096.3
2024-07-12 03:00:00,4923.3
2024-07-12 04:00:00,4805.0
2024-07-12 05:00:00,4777.1
2024-07-12 06:00:00,4695.3
2024-07-12 07:00:00,4810.2
2024-07-12 08:00:00,5462.4
2024-07-12 09:00:00,6384.2
2024-07-12 10:00:00,6733.1
2024-07-12 11:00:00,6826.6
2024-07-12 12:00:00,6920.7
2024-07-12 13:00:00,6752.4
2024-07-12 14:00:00,6900.6
2024-07-12 15:00:00,7647.7
2024-07-12 16:00:00,7716.3
2024-07-12 17:00:00,7390.4
2024-07-12 18:00:00,6602.1
2024-07-12 19:00:00,6407.3
2024-07-12 20:00:00,6630.9
2024-07-12 21:00:00,6577.0
2024-07-12 22:00:00,6540.5
2024-07-12 23:00:00,6193.3
2024-07-13 00:00:00,5762.7
2024-07-13 01:00:00,5289.2
2024-07-13 02:00:00,4938.4
2024-07-13 03:00:00,4704.6
2024-07-13 04:00:00,4563.0
2024-07-13 05:00:00,4481.5
2024-07-13 06:00:00,4374.0
2024-07-13 07:00:00,4302.4
2024-07-13 08:00:00,4707.7
2024-07-13 09:00:00,5936.8
2024-07-13 10:00:00,6240.9
2024-07-13 11:00:00,6671.6
2024-07-13 12:00:00,6903.1
2024-07-13 13:00:00,7096.0
2024-07-13 14:00:00,7139.3
2024-07-13 15:00:00,7117.5
2024-07-13 16:00:00,7015.0
2024-07-13 17:00:00,6690.9
2024-07-13 18:00:00,6072.5
2024-07-13 19:00:00,5945.7
2024-07-13 20:00:00,5683.1
2024-07-13 21:00:00,5759.4
2024-07-13 22:00:00,5717.4
2024-07-13 23:00:00,5528.9
2024-07-14 00:00:00,5176.5
2024-07-14 01:00:00,4701.7
2024-07-14 02:00:00,4401.9
2024-07-14 03:00:00,4208.2
2024-07-14 04:00:00,4137.6
2024-07-14 05:00:00,4101.5
2024-07-14 06:00:00,4027.9
2024-07-14 07:00:00,3971.6
2024-07-14 08:00:00,4968.0
2024-07-14 09:00:00,5931.2
2024-07-14 10:00:00,6299.6
2024-07-14 11:00:00,6342.6
2024-07-14 12:00:00,6608.8
2024-07-14 13:00:00,6798.7
2024-07-14 14:00:00,6811.8
2024-07-14 15:00:00,6737.8
2024-07-14 16:00:00,6611.0
2024-07-14 17:00:00,6342.0
2024-07-14 18:00:00,5861.9
2024-07-14 19:00:00,5816.5
2024-07-14 20:00:00,5405.2
2024-07-14 21:00:00,5472.5
2024-07-14 22:00:00,5578.9
2024-07-14 23:00:00,5441.7
2024-07-15 00:00:00,5128.1
2024-07-15 01:00:00,4889.4
2024-07-15 02:00:00,5308.0
2024-07-15 03:00:00,5133.8
2024-07-15 04:00:00,4982.0
2024-07-15 05:00:00,4958.6
2024-07-15 06:00:00,4258.4
2024-07-15 07:00:00,4295.7
2024-07-15 08:00:00,4851.7
2024-07-15 09:00:00,5874.8
2024-07-15 10:00:00,6799.7
2024-07-15 11:00:00,6999.0
2024-07-15 12:00:00,7377.8
2024-07-15 13:00:00,7543.7
2024-07-15 14:00:00,7640.8
2024-07-15 15:00:00,7638.9
2024-07-15 16:00:00,7914.4
2024-07-15 17:00:00,7382.4
2024-07-15 18:00:00,7186.3
2024-07-15 19:00:00,7097.8
2024-07-15 20:00:00,6684.2
2024-07-15 21:00:00,6598.4
2024-07-15 22:00:00,6526.5
2024-07-15 23:00:00,6170.8
2024-07-16 00:00:00,5673.2
2024-07-16 01:00:00,5262.1
2024-07-16 02:00:00,4956.5
2024-07-16 03:00:00,4763.2
2024-07-16 04:00:00,4673.3
2024-07-16 05:00:00,4632.4
2024-07-16 06:00:00,4673.0
2024-07-16 07:00:00,4826.7
2024-07-16 08:00:00,5376.1
2024-07-16 09:00:00,6289.6
2024-07-16 10:00:00,6705.5
2024-07-16 11:00:00,7015.7
2024-07-16 12:00:00,7330.0
2024-07-16 13:00:00,7134.6
2024-07-16 14:00:00,7227.1
2024-07-16 15:00:00,7380.9
2024-07-16 16:00:00,7353.9
2024-07-16 17:00:00,7286.3
2024-07-16 18:00:00,6562.2
2024-07-16 19:00:00,6509.7
2024-07-16 20:00:00,6717.3
2024-07-16 21:00:00,6722.5
2024-07-16 22:00:00,6638.7
2024-07-16 23:00:00,6297.2
2024-07-17 00:00:00,5614.0
2024-07-17 01:00:00,5122.3
2024-07-17 02:00:00,4834.2
2024-07-17 03:00:00,4637.7
2024-07-17 04:00:00,4555.7
2024-07-17 05:00:00,4533.3
2024-07-17 06:00:00,4571.5
2024-07-17 07:00:00,4757.4
2024-07-17 08:00:00,5333.6
2024-07-17 09:00:00,6159.8
2024-07-17 10:00:00,6512.3
2024-07-17 11:00:00,6601.6
2024-07-17 12:00:00,7282.7
2024-07-17 13:00:00,7378.2
2024-07-17 14:00:00,7272.8
2024-07-17 15:00:00,7390.1
2024-07-17 16:00:00,7286.6
2024-07-17 17:00:00,7295.3
2024-07-17 18:00:00,6369.6
2024-07-17 19:00:00,6411.7
2024-07-17 20:00:00,6670.7
2024-07-17 21:00:00,6647.7
2024-07-17 22:00:00,6585.9
2024-07-17 23:00:00,6205.6
2024-07-18 00:00:00,5672.6
2024-07-18 01:00:00,5155.9
2024-07-18 02:00:00,4850.7
2024-07-18 03:00:00,4657.0
2024-07-18 04:00:00,4564.7
2024-07-18 05:00:00,4514.0
2024-07-18 06:00:00,4542.7
2024-07-18 07:00:00,4751.1
2024-07-18 08:00:00,5344.7
2024-07-18 09:00:00,6172.6
2024-07-18 10:00:00,6460.0
2024-07-18 11:00:00,6483.3
2024-07-18 12:00:00,6602.0
2024-07-18 13:00:00,6475.0
2024-07-18 14:00:00,6404.5
2024-07-18 15:00:00,6422.0
2024-07-18 16:00:00,6434.4
2024-07-18 17:00:00,6409.1
2024-07-18 18:00:00,6379.8
2024-07-18 19:00:00,6388.7
2024-07-18 20:00:00,6669.8
2024-07-18 21:00:00,6707.9
2024-07-18 22:00:00,6670.4
2024-07-18 23:00:00,6277.2
2024-07-19 00:00:00,5753.9
2024-07-19 01:00:00,5257.8
2024-07-19 02:00:00,4935.8
2024-07-19 03:00:00,4732.7
2024-07-19 04:00:00,4629.7
2024-07-19 05:00:00,4582.4
2024-07-19 06:00:00,4647.4
2024-07-19 07:00:00,4857.8
2024-07-19 08:00:00,5382.1
2024-07-19 09:00:00,6130.3
2024-07-19 10:00:00,6389.4
2024-07-19 11:00:00,6445.9
2024-07-19 12:00:00,6490.7
2024-07-19 13:00:00,6739.9
2024-07-19 14:00:00,7072.3
2024-07-19 15:00:00,7420.0
2024-07-19 16:00:00,7538.3
2024-07-19 17:00:00,7057.5
2024-07-19 18:00:00,6324.7
2024-07-19 19:00:00,6364.0
2024-07-19 20:00:00,6632.3
2024-07-19 21:00:00,6625.2
2024-07-19 22:00:00,6529.0
2024-07-19 23:00:00,6133.0
2024-07-20 00:00:00,3748.3
2024-07-20 01:00:00,3504.0
2024-07-20 02:00:00,3331.3
2024-07-20 03:00:00,3210.4
2024-07-20 04:00:00,3123.3
2024-07-20 05:00:00,3095.8
2024-07-20 06:00:00,3078.7
2024-07-20 07:00:00,2992.0
2024-07-20 08:00:00,3086.8
2024-07-20 09:00:00,4100.5
2024-07-20 10:00:00,4430.8
2024-07-20 11:00:00,5011.8
2024-07-20 12:00:00,5215.5
2024-07-20 13:00:00,5337.9
2024-07-20 14:00:00,5234.1
2024-07-20 15:00:00,5168.7
2024-07-20 16:00:00,5128.6
2024-07-20 17:00:00,5003.5
2024-07-20 18:00:00,4900.4
2024-07-20 19:00:00,4607.9
2024-07-20 20:00:00,3550.3
2024-07-20 21:00:00,3477.0
2024-07-20 22:00:00,3531.6
2024-07-20 23:00:00,3492.6
2024-07-21 00:00:00,5122.1
2024-07-21 01:00:00,4727.8
2024-07-21 02:00:00,4454.4
2024-07-21 03:00:00,4885.2
2024-07-21 04:00:00,4777.8
2024-07-21 05:00:00,4713.6
2024-07-21 06:00:00,4763.2
2024-07-21 07:00:00,4717.8
2024-07-21 08:00:00,4801.7
2024-07-21 09:00:00,5878.3
2024-07-21 10:00:00,6383.8
2024-07-21 11:00:00,6552.4
2024-07-21 12:00:00,6872.5
2024-07-21 13:00:00,6952.8
2024-07-21 14:00:00,6747.7
2024-07-21 15:00:00,6570.0
2024-07-21 16:00:00,6474.6
2024-07-21 17:00:00,6331.3
2024-07-21 18:00:00,6464.4
2024-07-21 19:00:00,5703.1
2024-07-21 20:00:00,6130.2
2024-07-21 21:00:00,5581.2
2024-07-21 22:00:00,5695.9
2024-07-21 23:00:00,5586.7
2024-07-22 00:00:00,5065.9
2024-07-22 01:00:00,4738.7
2024-07-22 02:00:00,4476.0
2024-07-22 03:00:00,4306.9
2024-07-22 04:00:00,4221.2
2024-07-22 05:00:00,4204.7
2024-07-22 06:00:00,4304.3
2024-07-22 07:00:00,4564.9
2024-07-22 08:00:00,5128.2
2024-07-22 09:00:00,5899.9
2024-07-22 10:00:00,6441.3
2024-07-22 11:00:00,6452.8
2024-07-22 12:00:00,6642.2
2024-07-22 13:00:00,6570.2
2024-07-22 14:00:00,6470.4
2024-07-22 15:00:00,6589.3
2024-07-22 16:00:00,6587.9
2024-07-22 17:00:00,6496.8
2024-07-22 18:00:00,6318.7
2024-07-22 19:00:00,6430.8
2024-07-22 20:00:00,6755.9
2024-07-22 21:00:00,6698.4
2024-07-22 22:00:00,6598.0
2024-07-22 23:00:00,6224.2
2024-07-23 00:00:00,5651.2
2024-07-23 01:00:00,5206.8
2024-07-23 02:00:00,4906.9
2024-07-23 03:00:00,4707.3
2024-07-23 04:00:00,4595.1
2024-07-23 05:00:00,4544.9
2024-07-23 06:00:00,4600.4
2024-07-23 07:00:00,4782.3
2024-07-23 08:00:00,5310.2
2024-07-23 09:00:00,6079.0
2024-07-23 10:00:00,6611.8
2024-07-23 11:00:00,6671.4
2024-07-23 12:00:00,6952.7
2024-07-23 13:00:00,6698.6
2024-07-23 14:00:00,6551.5
2024-07-23 15:00:00,6812.7
2024-07-23 16:00:00,6747.9
2024-07-23 17:00:00,6609.7
2024-07-23 18:00:00,6536.4
2024-07-23 19:00:00,6589.3
2024-07-23 20:00:00,6886.9
2024-07-23 21:00:00,6796.9
2024-07-23 22:00:00,6755.0
2024-07-23 23:00:00,6361.5
2024-07-24 00:00:00,5874.8
2024-07-24 01:00:00,5399.1
2024-07-24 02:00:00,5069.8
2024-07-24 03:00:00,4845.4
2024-07-24 04:00:00,4725.5
2024-07-24 05:00:00,4683.8
2024-07-24 06:00:00,4730.8
2024-07-24 07:00:00,4941.5
2024-07-24 08:00:00,5491.0
2024-07-24 09:00:00,6290.9
2024-07-24 10:00:00,6631.6
2024-07-24 11:00:00,6926.6
2024-07-24 12:00:00,6813.7
2024-07-24 13:00:00,6661.4
2024-07-24 14:00:00,6573.9
2024-07-24 15:00:00,6930.8
2024-07-24 16:00:00,7372.5
2024-07-24 17:00:00,6958.5
2024-07-24 18:00:00,6781.4
2024-07-24 19:00:00,6755.9
2024-07-24 20:00:00,7039.8
2024-07-24 21:00:00,6996.2
2024-07-24 22:00:00,6927.5
2024-07-24 23:00:00,6520.0
2024-07-25 00:00:00,5958.6
2024-07-25 01:00:00,5445.3
2024-07-25 02:00:00,5128.2
2024-07-25 03:00:00,4898.7
2024-07-25 04:00:00,4778.2
2024-07-25 05:00:00,4724.7
2024-07-25 06:00:00,4776.7
2024-07-25 07:00:00,5025.2
2024-07-25 08:00:00,5553.9
2024-07-25 09:00:00,6384.0
2024-07-25 10:00:00,7275.1
2024-07-25 11:00:00,7390.7
2024-07-25 12:00:00,7793.6
2024-07-25 13:00:00,7830.3
2024-07-25 14:00:00,7658.1
2024-07-25 15:00:00,7817.7
2024-07-25 16:00:00,7848.5
2024-07-25 17:00:00,7877.2
2024-07-25 18:00:00,7778.8
2024-07-25 19:00:00,6769.5
2024-07-25 20:00:00,7039.5
2024-07-25 21:00:00,7001.4
2024-07-25 22:00:00,6947.2
2024-07-25 23:00:00,6499.2
2024-07-26 00:00:00,5999.2
2024-07-26 01:00:00,5431.0
2024-07-26 02:00:00,5088.0
2024-07-26 03:00:00,4856.8
2024-07-26 04:00:00,4734.7
2024-07-26 05:00:00,4672.7
2024-07-26 06:00:00,4758.8
2024-07-26 07:00:00,4991.8
2024-07-26 08:00:00,5495.6
2024-07-26 09:00:00,6209.4
2024-07-26 10:00:00,6554.8
2024-07-26 11:00:00,6588.0
2024-07-26 12:00:00,6771.7
2024-07-26 13:00:00,6786.5
2024-07-26 14:00:00,7015.9
2024-07-26 15:00:00,7598.2
2024-07-26 16:00:00,7593.5
2024-07-26 17:00:00,7194.0
2024-07-26 18:00:00,6608.6
2024-07-26 19:00:00,6657.6
2024-07-26 20:00:00,6888.8
2024-07-26 21:00:00,6810.7
2024-07-26 22:00:00,6741.4
2024-07-26 23:00:00,6298.5
2024-07-27 00:00:00,5817.3
2024-07-27 01:00:00,5332.8
2024-07-27 02:00:00,4969.5
2024-07-27 03:00:00,4737.0
2024-07-27 04:00:00,4589.6
2024-07-27 05:00:00,4515.9
2024-07-27 06:00:00,4507.2
2024-07-27 07:00:00,4482.9
2024-07-27 08:00:00,4686.7
2024-07-27 09:00:00,5075.4
2024-07-27 10:00:00,6083.2
2024-07-27 11:00:00,6378.2
2024-07-27 12:00:00,6468.2
2024-07-27 13:00:00,6499.6
2024-07-27 14:00:00,6301.4
2024-07-27 15:00:00,6322.7
2024-07-27 16:00:00,6591.1
2024-07-27 17:00:00,6353.6
2024-07-27 18:00:00,6120.4
2024-07-27 19:00:00,6333.4
2024-07-27 20:00:00,5755.5
2024-07-27 21:00:00,5840.9
2024-07-27 22:00:00,5838.9
2024-07-27 23:00:00,5541.1
2024-07-28 00:00:00,5206.9
2024-07-28 01:00:00,4822.5
2024-07-28 02:00:00,4532.6
2024-07-28 03:00:00,4304.2
2024-07-28 04:00:00,4177.2
2024-07-28 05:00:00,4109.3
2024-07-28 06:00:00,4096.0
2024-07-28 07:00:00,4050.2
2024-07-28 08:00:00,4518.9
2024-07-28 09:00:00,5209.6
2024-07-28 10:00:00,5768.2
2024-07-28 11:00:00,6204.3
2024-07-28 12:00:00,6554.5
2024-07-28 13:00:00,6650.4
2024-07-28 14:00:00,6448.5
2024-07-28 15:00:00,6278.6
2024-07-28 16:00:00,6193.5
2024-07-28 17:00:00,5879.7
2024-07-28 18:00:00,5743.1
2024-07-28 19:00:00,5932.8
2024-07-28 20:00:00,5547.7
2024-07-28 21:00:00,5674.4
2024-07-28 22:00:00,5788.9
2024-07-28 23:00:00,5572.9
2024-07-29 00:00:00,5229.5
2024-07-29 01:00:00,4939.3
2024-07-29 02:00:00,4628.0
2024-07-29 03:00:00,4425.6
2024-07-29 04:00:00,4316.2
2024-07-29 05:00:00,4276.2
2024-07-29 06:00:00,4394.8
2024-07-29 07:00:00,4603.3
2024-07-29 08:00:00,5140.1
2024-07-29 09:00:00,5921.3
2024-07-29 10:00:00,6349.2
2024-07-29 11:00:00,6430.8
2024-07-29 12:00:00,6588.1
2024-07-29 13:00:00,6562.4
2024-07-29 14:00:00,6532.1
2024-07-29 15:00:00,6687.4
2024-07-29 16:00:00,6714.5
2024-07-29 17:00:00,6734.2
2024-07-29 18:00:00,6702.9
2024-07-29 19:00:00,6718.4
2024-07-29 20:00:00,6968.9
2024-07-29 21:00:00,6974.6
2024-07-29 22:00:00,6883.4
2024-07-29 23:00:00,6456.0
2024-07-30 00:00:00,5882.3
2024-07-30 01:00:00,5378.6
2024-07-30 02:00:00,5058.7
2024-07-30 03:00:00,4824.2
2024-07-30 04:00:00,4710.0
2024-07-30 05:00:00,4646.4
2024-07-30 06:00:00,4730.3
2024-07-30 07:00:00,4937.3
2024-07-30 08:00:00,5435.2
2024-07-30 09:00:00,6256.3
2024-07-30 10:00:00,6615.6
2024-07-30 11:00:00,7425.1
2024-07-30 12:00:00,7660.3
2024-07-30 13:00:00,7589.5
2024-07-30 14:00:00,7759.3
2024-07-30 15:00:00,7904.5
2024-07-30 16:00:00,7907.3
2024-07-30 17:00:00,7658.8
2024-07-30 18:00:00,6676.4
2024-07-30 19:00:00,6727.5
2024-07-30 20:00:00,6987.0
2024-07-30 21:00:00,6934.9
2024-07-30 22:00:00,6896.1
2024-07-30 23:00:00,6461.5
2024-07-31 00:00:00,5985.8
2024-07-31 01:00:00,5501.0
2024-07-31 02:00:00,5160.4
2024-07-31 03:00:00,4868.0
2024-07-31 04:00:00,4742.5
2024-07-31 05:00:00,4693.2
2024-07-31 06:00:00,4745.7
2024-07-31 07:00:00,4971.7
2024-07-31 08:00:00,5465.9
2024-07-31 09:00:00,6209.0
2024-07-31 10:00:00,6615.3
2024-07-31 11:00:00,6724.1
2024-07-31 12:00:00,6895.3
2024-07-31 13:00:00,6847.3
2024-07-31 14:00:00,6901.5
2024-07-31 15:00:00,7288.8
2024-07-31 16:00:00,7787.5
2024-07-31 17:00:00,7292.6
2024-07-31 18:00:00,6665.1
2024-07-31 19:00:00,6702.7
2024-07-31 20:00:00,6883.9
2024-07-31 21:00:00,6927.6
2024-07-31 22:00:00,6907.5
2024-07-31 23:00:00,6429.5
2024-08-01 00:00:00,5856.6
2024-08-01 01:00:00,5417.2
2024-08-01 02:00:00,5073.5
2024-08-01 03:00:00,4838.4
2024-08-01 04:00:00,4720.9
2024-08-01 05:00:00,4668.0
2024-08-01 06:00:00,4721.9
2024-08-01 07:00:00,4930.6
2024-08-01 08:00:00,5417.6
2024-08-01 09:00:00,6211.5
2024-08-01 10:00:00,6578.6
2024-08-01 11:00:00,6641.4
2024-08-01 12:00:00,6742.1
2024-08-01 13:00:00,6586.1
2024-08-01 14:00:00,6503.9
2024-08-01 15:00:00,6696.8
2024-08-01 16:00:00,7260.6
2024-08-01 17:00:00,7035.3
2024-08-01 18:00:00,6547.9
2024-08-01 19:00:00,6566.4
2024-08-01 20:00:00,6826.1
2024-08-01 21:00:00,6764.7
2024-08-01 22:00:00,6749.8
2024-08-01 23:00:00,6307.4
2024-08-02 00:00:00,5796.6
2024-08-02 01:00:00,5310.9
2024-08-02 02:00:00,4979.7
2024-08-02 03:00:00,4723.0
2024-08-02 04:00:00,4618.1
2024-08-02 05:00:00,4568.5
2024-08-02 06:00:00,4633.6
2024-08-02 07:00:00,4836.0
2024-08-02 08:00:00,5377.1
2024-08-02 09:00:00,6180.7
2024-08-02 10:00:00,7006.6
2024-08-02 11:00:00,7346.4
2024-08-02 12:00:00,7474.4
2024-08-02 13:00:00,7418.5
2024-08-02 14:00:00,7318.6
2024-08-02 15:00:00,7586.4
2024-08-02 16:00:00,7819.4
2024-08-02 17:00:00,7684.6
2024-08-02 18:00:00,7260.5
2024-08-02 19:00:00,6413.7
2024-08-02 20:00:00,6608.5
2024-08-02 21:00:00,6591.7
2024-08-02 22:00:00,6552.4
2024-08-02 23:00:00,6107.2
2024-08-03 00:00:00,5628.3
2024-08-03 01:00:00,5245.6
2024-08-03 02:00:00,4907.6
2024-08-03 03:00:00,4667.7
2024-08-03 04:00:00,4509.6
2024-08-03 05:00:00,4435.6
2024-08-03 06:00:00,4413.8
2024-08-03 07:00:00,4372.2
2024-08-03 08:00:00,4544.3
2024-08-03 09:00:00,5626.4
2024-08-03 10:00:00,6074.6
2024-08-03 11:00:00,6253.9
2024-08-03 12:00:00,6611.9
2024-08-03 13:00:00,6779.1
2024-08-03 14:00:00,6467.5
2024-08-03 15:00:00,6257.9
2024-08-03 16:00:00,6167.3
2024-08-03 17:00:00,6062.3
2024-08-03 18:00:00,5918.8
2024-08-03 19:00:00,5462.3
2024-08-03 20:00:00,5782.4
2024-08-03 21:00:00,5903.2
2024-08-03 22:00:00,5906.0
2024-08-03 23:00:00,5595.7
2024-08-04 00:00:00,5147.3
2024-08-04 01:00:00,4809.7
2024-08-04 02:00:00,4498.0
2024-08-04 03:00:00,4259.8
2024-08-04 04:00:00,4133.0
2024-08-04 05:00:00,4070.9
2024-08-04 06:00:00,4066.7
2024-08-04 07:00:00,4021.1
2024-08-04 08:00:00,4116.0
2024-08-04 09:00:00,5105.1
2024-08-04 10:00:00,5771.9
2024-08-04 11:00:00,6089.0
2024-08-04 12:00:00,6531.8
2024-08-04 13:00:00,6599.2
2024-08-04 14:00:00,6401.1
2024-08-04 15:00:00,6212.6
2024-08-04 16:00:00,6193.7
2024-08-04 17:00:00,5951.2
2024-08-04 18:00:00,5732.1
2024-08-04 19:00:00,5308.4
2024-08-04 20:00:00,5635.0
2024-08-04 21:00:00,5754.0
2024-08-04 22:00:00,5887.8
2024-08-04 23:00:00,5672.6
2024-08-05 00:00:00,4979.2
2024-08-05 01:00:00,4575.9
2024-08-05 02:00:00,4242.6
2024-08-05 03:00:00,4024.5
2024-08-05 04:00:00,3924.9
2024-08-05 05:00:00,3895.5
2024-08-05 06:00:00,3974.9
2024-08-05 07:00:00,4243.6
2024-08-05 08:00:00,4816.7
2024-08-05 09:00:00,5873.1
2024-08-05 10:00:00,6283.7
2024-08-05 11:00:00,6424.3
2024-08-05 12:00:00,6652.6
2024-08-05 13:00:00,7091.8
2024-08-05 14:00:00,7100.9
2024-08-05 15:00:00,7245.1
2024-08-05 16:00:00,7193.5
2024-08-05 17:00:00,7199.0
2024-08-05 18:00:00,6459.6
2024-08-05 19:00:00,6441.3
2024-08-05 20:00:00,6274.9
2024-08-05 21:00:00,6284.8
2024-08-05 22:00:00,6222.9
2024-08-05 23:00:00,5784.6
2024-08-06 00:00:00,5214.2
2024-08-06 01:00:00,4790.7
2024-08-06 02:00:00,4490.8
2024-08-06 03:00:00,4262.4
2024-08-06 04:00:00,4152.6
2024-08-06 05:00:00,4113.6
2024-08-06 06:00:00,4201.0
2024-08-06 07:00:00,4394.8
2024-08-06 08:00:00,4851.1
2024-08-06 09:00:00,5620.5
2024-08-06 10:00:00,6368.1
2024-08-06 11:00:00,6423.6
2024-08-06 12:00:00,6526.5
2024-08-06 13:00:00,6675.8
2024-08-06 14:00:00,6833.1
2024-08-06 15:00:00,7077.3
2024-08-06 16:00:00,7065.0
2024-08-06 17:00:00,7149.6
2024-08-06 18:00:00,6422.8
2024-08-06 19:00:00,6123.6
2024-08-06 20:00:00,6324.3
2024-08-06 21:00:00,6362.5
2024-08-06 22:00:00,6293.6
2024-08-06 23:00:00,5832.6
2024-08-07 00:00:00,5481.1
2024-08-07 01:00:00,5035.7
2024-08-07 02:00:00,4692.4
2024-08-07 03:00:00,4486.5
2024-08-07 04:00:00,4382.8
2024-08-07 05:00:00,4364.4
2024-08-07 06:00:00,4331.6
2024-08-07 07:00:00,4546.8
2024-08-07 08:00:00,4989.9
2024-08-07 09:00:00,6073.3
2024-08-07 10:00:00,7102.1
2024-08-07 11:00:00,6933.2
2024-08-07 12:00:00,6795.7
2024-08-07 13:00:00,6424.3
2024-08-07 14:00:00,6460.2
2024-08-07 15:00:00,6871.1
2024-08-07 16:00:00,6872.9
2024-08-07 17:00:00,6552.1
2024-08-07 18:00:00,6443.3
2024-08-07 19:00:00,6188.6
2024-08-07 20:00:00,6380.4
2024-08-07 21:00:00,6384.3
2024-08-07 22:00:00,6339.0
2024-08-07 23:00:00,5881.6
2024-08-08 00:00:00,5346.5
2024-08-08 01:00:00,5021.9
2024-08-08 02:00:00,4662.1
2024-08-08 03:00:00,4432.4
2024-08-08 04:00:00,4326.6
2024-08-08 05:00:00,4282.4
2024-08-08 06:00:00,4373.9
2024-08-08 07:00:00,4610.5
2024-08-08 08:00:00,5090.8
2024-08-08 09:00:00,6124.5
2024-08-08 10:00:00,6390.0
2024-08-08 11:00:00,6593.5
2024-08-08 12:00:00,6718.5
2024-08-08 13:00:00,6559.4
2024-08-08 14:00:00,6478.0
2024-08-08 15:00:00,6691.0
2024-08-08 16:00:00,6673.1
2024-08-08 17:00:00,6414.1
2024-08-08 18:00:00,6333.3
2024-08-08 19:00:00,6448.5
2024-08-08 20:00:00,6306.7
2024-08-08 21:00:00,6309.2
2024-08-08 22:00:00,6252.0
2024-08-08 23:00:00,5776.2
2024-08-09 00:00:00,5332.3
2024-08-09 01:00:00,4990.5
2024-08-09 02:00:00,4648.2
2024-08-09 03:00:00,4416.8
2024-08-09 04:00:00,4309.4
2024-08-09 05:00:00,4256.0
2024-08-09 06:00:00,4269.2
2024-08-09 07:00:00,4456.0
2024-08-09 08:00:00,4909.8
2024-08-09 09:00:00,5557.2
2024-08-09 10:00:00,6214.8
2024-08-09 11:00:00,6282.0
2024-08-09 12:00:00,6387.5
2024-08-09 13:00:00,6392.6
2024-08-09 14:00:00,6545.2
2024-08-09 15:00:00,7104.5
2024-08-09 16:00:00,7109.4
2024-08-09 17:00:00,6986.3
2024-08-09 18:00:00,6360.6
2024-08-09 19:00:00,6040.3
2024-08-09 20:00:00,6244.0
2024-08-09 21:00:00,6256.2
2024-08-09 22:00:00,6210.6
2024-08-09 23:00:00,5749.9
2024-08-10 00:00:00,5372.8
2024-08-10 01:00:00,4976.0
2024-08-10 02:00:00,4654.7
2024-08-10 03:00:00,4372.4
2024-08-10 04:00:00,4218.4
2024-08-10 05:00:00,4144.9
2024-08-10 06:00:00,4124.0
2024-08-10 07:00:00,4105.6
2024-08-10 08:00:00,4557.2
2024-08-10 09:00:00,5776.4
2024-08-10 10:00:00,6214.5
2024-08-10 11:00:00,6737.3
2024-08-10 12:00:00,6846.0
2024-08-10 13:00:00,6992.5
2024-08-10 14:00:00,6860.1
2024-08-10 15:00:00,6917.6
2024-08-10 16:00:00,6661.2
2024-08-10 17:00:00,6365.8
2024-08-10 18:00:00,6246.4
2024-08-10 19:00:00,5804.2
2024-08-10 20:00:00,5560.5
2024-08-10 21:00:00,5681.4
2024-08-10 22:00:00,5657.8
2024-08-10 23:00:00,5285.6
2024-08-11 00:00:00,5027.6
2024-08-11 01:00:00,4569.0
2024-08-11 02:00:00,4246.7
2024-08-11 03:00:00,4019.1
2024-08-11 04:00:00,3882.1
2024-08-11 05:00:00,3810.4
2024-08-11 06:00:00,3791.6
2024-08-11 07:00:00,3742.1
2024-08-11 08:00:00,4111.5
2024-08-11 09:00:00,5307.7
2024-08-11 10:00:00,5865.2
2024-08-11 11:00:00,6098.6
2024-08-11 12:00:00,6286.6
2024-08-11 13:00:00,6545.8
2024-08-11 14:00:00,6519.7
2024-08-11 15:00:00,6386.4
2024-08-11 16:00:00,6067.8
2024-08-11 17:00:00,5849.9
2024-08-11 18:00:00,5978.9
2024-08-11 19:00:00,6114.9
2024-08-11 20:00:00,5274.3
2024-08-11 21:00:00,5441.4
2024-08-11 22:00:00,5522.1
2024-08-11 23:00:00,5233.0
2024-08-12 00:00:00,4971.0
2024-08-12 01:00:00,4534.0
2024-08-12 02:00:00,4246.2
2024-08-12 03:00:00,4021.2
2024-08-12 04:00:00,3932.7
2024-08-12 05:00:00,3892.0
2024-08-12 06:00:00,3914.4
2024-08-12 07:00:00,4134.8
2024-08-12 08:00:00,4537.5
2024-08-12 09:00:00,5199.4
2024-08-12 10:00:00,5909.0
2024-08-12 11:00:00,6800.5
2024-08-12 12:00:00,6915.7
2024-08-12 13:00:00,6930.9
2024-08-12 14:00:00,6862.7
2024-08-12 15:00:00,6955.6
2024-08-12 16:00:00,7024.7
2024-08-12 17:00:00,6977.7
2024-08-12 18:00:00,6100.3
2024-08-12 19:00:00,5798.6
2024-08-12 20:00:00,6093.1
2024-08-12 21:00:00,6207.8
2024-08-12 22:00:00,6124.5
2024-08-12 23:00:00,5673.4
2024-08-13 00:00:00,5220.7
2024-08-13 01:00:00,4743.2
2024-08-13 02:00:00,4501.2
2024-08-13 03:00:00,4251.2
2024-08-13 04:00:00,4129.1
2024-08-13 05:00:00,4088.5
2024-08-13 06:00:00,4167.5
2024-08-13 07:00:00,4353.8
2024-08-13 08:00:00,4727.3
2024-08-13 09:00:00,5361.6
2024-08-13 10:00:00,5980.4
2024-08-13 11:00:00,6051.7
2024-08-13 12:00:00,6168.8
2024-08-13 13:00:00,6068.0
2024-08-13 14:00:00,6213.5
2024-08-13 15:00:00,6715.4
2024-08-13 16:00:00,6929.8
2024-08-13 17:00:00,6199.1
2024-08-13 18:00:00,6016.5
2024-08-13 19:00:00,5746.8
2024-08-13 20:00:00,6020.9
2024-08-13 21:00:00,6144.3
2024-08-13 22:00:00,6044.9
2024-08-13 23:00:00,5585.7
2024-08-14 00:00:00,5100.0
2024-08-14 01:00:00,4660.1
2024-08-14 02:00:00,4395.3
2024-08-14 03:00:00,4103.3
2024-08-14 04:00:00,4081.7
2024-08-14 05:00:00,3934.2
2024-08-14 06:00:00,4037.9
2024-08-14 07:00:00,4228.7
2024-08-14 08:00:00,4644.3
2024-08-14 09:00:00,5607.8
2024-08-14 10:00:00,6501.6
2024-08-14 11:00:00,6556.8
2024-08-14 12:00:00,6763.6
2024-08-14 13:00:00,6754.2
2024-08-14 14:00:00,6670.2
2024-08-14 15:00:00,6912.7
2024-08-14 16:00:00,6908.8
2024-08-14 17:00:00,6827.0
2024-08-14 18:00:00,6682.5
2024-08-14 19:00:00,6204.3
2024-08-14 20:00:00,6017.1
2024-08-14 21:00:00,6143.5
2024-08-14 22:00:00,6088.6
2024-08-14 23:00:00,5606.6
2024-08-15 00:00:00,5556.2
2024-08-15 01:00:00,5018.7
2024-08-15 02:00:00,4933.9
2024-08-15 03:00:00,4938.5
2024-08-15 04:00:00,5049.5
2024-08-15 05:00:00,4968.3
2024-08-15 06:00:00,4954.6
2024-08-15 07:00:00,4950.9
2024-08-15 08:00:00,5030.4
2024-08-15 09:00:00,5608.0
2024-08-15 10:00:00,6178.9
2024-08-15 11:00:00,6285.3
2024-08-15 12:00:00,6427.9
2024-08-15 13:00:00,6605.0
2024-08-15 14:00:00,6478.1
2024-08-15 15:00:00,6414.9
2024-08-15 16:00:00,6364.3
2024-08-15 17:00:00,6200.1
2024-08-15 18:00:00,6023.4
2024-08-15 19:00:00,5689.6
2024-08-15 20:00:00,5804.8
2024-08-15 21:00:00,6032.3
2024-08-15 22:00:00,6081.0
2024-08-15 23:00:00,5703.7
2024-08-16 00:00:00,5281.3
2024-08-16 01:00:00,4803.4
2024-08-16 02:00:00,4537.5
2024-08-16 03:00:00,4300.1
2024-08-16 04:00:00,4178.1
2024-08-16 05:00:00,4091.7
2024-08-16 06:00:00,4199.7
2024-08-16 07:00:00,4335.4
2024-08-16 08:00:00,4674.9
2024-08-16 09:00:00,5375.0
2024-08-16 10:00:00,6155.9
2024-08-16 11:00:00,6499.3
2024-08-16 12:00:00,6834.7
2024-08-16 13:00:00,6923.9
2024-08-16 14:00:00,6873.9
2024-08-16 15:00:00,6899.5
2024-08-16 16:00:00,6901.5
2024-08-16 17:00:00,6821.4
2024-08-16 18:00:00,6112.2
2024-08-16 19:00:00,6013.6
2024-08-16 20:00:00,6253.2
2024-08-16 21:00:00,6354.2
2024-08-16 22:00:00,6296.0
2024-08-16 23:00:00,5864.8
2024-08-17 00:00:00,5336.7
2024-08-17 01:00:00,4985.7
2024-08-17 02:00:00,4723.4
2024-08-17 03:00:00,4496.1
2024-08-17 04:00:00,4362.6
2024-08-17 05:00:00,4265.5
2024-08-17 06:00:00,4263.9
2024-08-17 07:00:00,4251.3
2024-08-17 08:00:00,4421.6
2024-08-17 09:00:00,4827.3
2024-08-17 10:00:00,5838.4
2024-08-17 11:00:00,5988.0
2024-08-17 12:00:00,6246.1
2024-08-17 13:00:00,6373.9
2024-08-17 14:00:00,6447.5
2024-08-17 15:00:00,6187.1
2024-08-17 16:00:00,6153.8
2024-08-17 17:00:00,6042.4
2024-08-17 18:00:00,6170.7
2024-08-17 19:00:00,5625.4
2024-08-17 20:00:00,5906.1
2024-08-17 21:00:00,6027.5
2024-08-17 22:00:00,6007.3
2024-08-17 23:00:00,5604.7
2024-08-18 00:00:00,5142.1
2024-08-18 01:00:00,4712.5
2024-08-18 02:00:00,4457.3
2024-08-18 03:00:00,4241.4
2024-08-18 04:00:00,4115.3
2024-08-18 05:00:00,4039.9
2024-08-18 06:00:00,4036.6
2024-08-18 07:00:00,4022.9
2024-08-18 08:00:00,4810.5
2024-08-18 09:00:00,5197.5
2024-08-18 10:00:00,6099.7
2024-08-18 11:00:00,6502.8
2024-08-18 12:00:00,6822.4
2024-08-18 13:00:00,6939.4
2024-08-18 14:00:00,6784.8
2024-08-18 15:00:00,6633.5
2024-08-18 16:00:00,6562.6
2024-08-18 17:00:00,6454.1
2024-08-18 18:00:00,6347.1
2024-08-18 19:00:00,5874.9
2024-08-18 20:00:00,5574.5
2024-08-18 21:00:00,5772.9
2024-08-18 22:00:00,5755.2
2024-08-18 23:00:00,5492.9
2024-08-19 00:00:00,5202.9
2024-08-19 01:00:00,5077.8
2024-08-19 02:00:00,5299.7
2024-08-19 03:00:00,5046.6
2024-08-19 04:00:00,4943.7
2024-08-19 05:00:00,4152.4
2024-08-19 06:00:00,4291.1
2024-08-19 07:00:00,4485.9
2024-08-19 08:00:00,4869.1
2024-08-19 09:00:00,5555.6
2024-08-19 10:00:00,5939.5
2024-08-19 11:00:00,6833.8
2024-08-19 12:00:00,7031.5
2024-08-19 13:00:00,7169.9
2024-08-19 14:00:00,7283.6
2024-08-19 15:00:00,7390.7
2024-08-19 16:00:00,7391.5
2024-08-19 17:00:00,6408.4
2024-08-19 18:00:00,6231.6
2024-08-19 19:00:00,6339.9
2024-08-19 20:00:00,6618.3
2024-08-19 21:00:00,6714.5
2024-08-19 22:00:00,6591.5
2024-08-19 23:00:00,6139.3
2024-08-20 00:00:00,5380.7
2024-08-20 01:00:00,4766.2
2024-08-20 02:00:00,4473.3
2024-08-20 03:00:00,4225.4
2024-08-20 04:00:00,4105.8
2024-08-20 05:00:00,4048.0
2024-08-20 06:00:00,4193.8
2024-08-20 07:00:00,4396.3
2024-08-20 08:00:00,4737.2
2024-08-20 09:00:00,5694.5
2024-08-20 10:00:00,6087.1
2024-08-20 11:00:00,6222.7
2024-08-20 12:00:00,7299.7
2024-08-20 13:00:00,7289.4
2024-08-20 14:00:00,7174.0
2024-08-20 15:00:00,7293.8
2024-08-20 16:00:00,7010.4
2024-08-20 17:00:00,7066.8
2024-08-20 18:00:00,6975.6
2024-08-20 19:00:00,6368.4
2024-08-20 20:00:00,6226.7
2024-08-20 21:00:00,6337.2
2024-08-20 22:00:00,6213.6
2024-08-20 23:00:00,5748.4
2024-08-21 00:00:00,5383.7
2024-08-21 01:00:00,5176.8
2024-08-21 02:00:00,5391.1
2024-08-21 03:00:00,5297.9
2024-08-21 04:00:00,5188.4
2024-08-21 05:00:00,5072.8
2024-08-21 06:00:00,4475.9
2024-08-21 07:00:00,4661.7
2024-08-21 08:00:00,5076.2
2024-08-21 09:00:00,6417.6
2024-08-21 10:00:00,7341.7
2024-08-21 11:00:00,7349.3
2024-08-21 12:00:00,7331.9
2024-08-21 13:00:00,7231.9
2024-08-21 14:00:00,7048.1
2024-08-21 15:00:00,7131.5
2024-08-21 16:00:00,7134.4
2024-08-21 17:00:00,6575.6
2024-08-21 18:00:00,6074.7
2024-08-21 19:00:00,6060.4
2024-08-21 20:00:00,6185.3
2024-08-21 21:00:00,6338.3
2024-08-21 22:00:00,6224.2
2024-08-21 23:00:00,5765.2
2024-08-22 00:00:00,5173.6
2024-08-22 01:00:00,4690.2
2024-08-22 02:00:00,4384.0
2024-08-22 03:00:00,4154.1
2024-08-22 04:00:00,4054.2
2024-08-22 05:00:00,4004.4
2024-08-22 06:00:00,4058.1
2024-08-22 07:00:00,4326.7
2024-08-22 08:00:00,4689.1
2024-08-22 09:00:00,5610.9
2024-08-22 10:00:00,6063.9
2024-08-22 11:00:00,6150.9
2024-08-22 12:00:00,6216.9
2024-08-22 13:00:00,6240.7
2024-08-22 14:00:00,6143.2
2024-08-22 15:00:00,6683.2
2024-08-22 16:00:00,6843.0
2024-08-22 17:00:00,6140.7
2024-08-22 18:00:00,6039.6
2024-08-22 19:00:00,5818.6
2024-08-22 20:00:00,6082.1
2024-08-22 21:00:00,6255.6
2024-08-22 22:00:00,6129.2
2024-08-22 23:00:00,5661.5
2024-08-23 00:00:00,5175.1
2024-08-23 01:00:00,4681.1
2024-08-23 02:00:00,4350.0
2024-08-23 03:00:00,4125.7
2024-08-23 04:00:00,4033.1
2024-08-23 05:00:00,3994.7
2024-08-23 06:00:00,4092.0
2024-08-23 07:00:00,4293.7
2024-08-23 08:00:00,4659.6
2024-08-23 09:00:00,5568.5
2024-08-23 10:00:00,6022.1
2024-08-23 11:00:00,6434.2
2024-08-23 12:00:00,6936.3
2024-08-23 13:00:00,6653.6
2024-08-23 14:00:00,6802.3
2024-08-23 15:00:00,7085.7
2024-08-23 16:00:00,7054.1
2024-08-23 17:00:00,6819.6
2024-08-23 18:00:00,6002.5
2024-08-23 19:00:00,5855.3
2024-08-23 20:00:00,6114.2
2024-08-23 21:00:00,6196.6
2024-08-23 22:00:00,6082.8
2024-08-23 23:00:00,5593.8
2024-08-24 00:00:00,5114.3
2024-08-24 01:00:00,4736.7
2024-08-24 02:00:00,4404.7
2024-08-24 03:00:00,4446.0
2024-08-24 04:00:00,4406.5
2024-08-24 05:00:00,4380.6
2024-08-24 06:00:00,4382.8
2024-08-24 07:00:00,4411.8
2024-08-24 08:00:00,4561.1
2024-08-24 09:00:00,5884.7
2024-08-24 10:00:00,6744.9
2024-08-24 11:00:00,6955.9
2024-08-24 12:00:00,7212.5
2024-08-24 13:00:00,7304.9
2024-08-24 14:00:00,7164.6
2024-08-24 15:00:00,7076.2
2024-08-24 16:00:00,6898.7
2024-08-24 17:00:00,6376.2
2024-08-24 18:00:00,6462.0
2024-08-24 19:00:00,6317.5
2024-08-24 20:00:00,5865.0
2024-08-24 21:00:00,6014.0
2024-08-24 22:00:00,5848.0
2024-08-24 23:00:00,5548.5
2024-08-25 00:00:00,5229.4
2024-08-25 01:00:00,4852.2
2024-08-25 02:00:00,4555.5
2024-08-25 03:00:00,4665.1
2024-08-25 04:00:00,4785.6
2024-08-25 05:00:00,4928.7
2024-08-25 06:00:00,4927.3
2024-08-25 07:00:00,5303.0
2024-08-25 08:00:00,5391.4
2024-08-25 09:00:00,6239.5
2024-08-25 10:00:00,6500.1
2024-08-25 11:00:00,6709.9
2024-08-25 12:00:00,6911.5
2024-08-25 13:00:00,7182.7
2024-08-25 14:00:00,7021.7
2024-08-25 15:00:00,6847.5
2024-08-25 16:00:00,6760.3
2024-08-25 17:00:00,6610.2
2024-08-25 18:00:00,6240.3
2024-08-25 19:00:00,6161.9
2024-08-25 20:00:00,5419.4
2024-08-25 21:00:00,5593.8
2024-08-25 22:00:00,5711.8
2024-08-25 23:00:00,5385.2
2024-08-26 00:00:00,4979.2
2024-08-26 01:00:00,4703.1
2024-08-26 02:00:00,5063.8
2024-08-26 03:00:00,5078.3
2024-08-26 04:00:00,4974.2
2024-08-26 05:00:00,4254.6
2024-08-26 06:00:00,4096.4
2024-08-26 07:00:00,4296.4
2024-08-26 08:00:00,4662.4
2024-08-26 09:00:00,5331.4
2024-08-26 10:00:00,6896.0
2024-08-26 11:00:00,7193.6
2024-08-26 12:00:00,7286.2
2024-08-26 13:00:00,7046.5
2024-08-26 14:00:00,6981.4
2024-08-26 15:00:00,6947.6
2024-08-26 16:00:00,6826.2
2024-08-26 17:00:00,5863.5
2024-08-26 18:00:00,5694.0
2024-08-26 19:00:00,5614.0
2024-08-26 20:00:00,5857.7
2024-08-26 21:00:00,6100.7
2024-08-26 22:00:00,5903.9
2024-08-26 23:00:00,5457.1
2024-08-27 00:00:00,5219.7
2024-08-27 01:00:00,4769.3
2024-08-27 02:00:00,4396.7
2024-08-27 03:00:00,4207.4
2024-08-27 04:00:00,4098.7
2024-08-27 05:00:00,4075.6
2024-08-27 06:00:00,4168.1
2024-08-27 07:00:00,4441.7
2024-08-27 08:00:00,4786.2
2024-08-27 09:00:00,5305.2
2024-08-27 10:00:00,5996.3
2024-08-27 11:00:00,6187.6
2024-08-27 12:00:00,6437.6
2024-08-27 13:00:00,6375.4
2024-08-27 14:00:00,6205.1
2024-08-27 15:00:00,6478.2
2024-08-27 16:00:00,6419.6
2024-08-27 17:00:00,6153.7
2024-08-27 18:00:00,6055.1
2024-08-27 19:00:00,6014.2
2024-08-27 20:00:00,6218.8
2024-08-27 21:00:00,6401.6
2024-08-27 22:00:00,6199.7
2024-08-27 23:00:00,5724.8
2024-08-28 00:00:00,5196.5
2024-08-28 01:00:00,4749.9
2024-08-28 02:00:00,4443.3
2024-08-28 03:00:00,4235.3
2024-08-28 04:00:00,4129.5
2024-08-28 05:00:00,4007.1
2024-08-28 06:00:00,4067.0
2024-08-28 07:00:00,4281.4
2024-08-28 08:00:00,4691.7
2024-08-28 09:00:00,5284.3
2024-08-28 10:00:00,5851.8
2024-08-28 11:00:00,6182.6
2024-08-28 12:00:00,7014.8
2024-08-28 13:00:00,6999.3
2024-08-28 14:00:00,6976.1
2024-08-28 15:00:00,7053.7
2024-08-28 16:00:00,6315.5
2024-08-28 17:00:00,6170.3
2024-08-28 18:00:00,6031.7
2024-08-28 19:00:00,5947.8
2024-08-28 20:00:00,6183.7
2024-08-28 21:00:00,6426.2
2024-08-28 22:00:00,6203.9
2024-08-28 23:00:00,5704.2
2024-08-29 00:00:00,5280.6
2024-08-29 01:00:00,4775.6
2024-08-29 02:00:00,4482.2
2024-08-29 03:00:00,4264.2
2024-08-29 04:00:00,4167.9
2024-08-29 05:00:00,4122.6
2024-08-29 06:00:00,4186.1
2024-08-29 07:00:00,4413.9
2024-08-29 08:00:00,4823.2
2024-08-29 09:00:00,5418.2
2024-08-29 10:00:00,5743.8
2024-08-29 11:00:00,5827.9
2024-08-29 12:00:00,5900.9
2024-08-29 13:00:00,5888.9
2024-08-29 14:00:00,6068.7
2024-08-29 15:00:00,6231.7
2024-08-29 16:00:00,6241.1
2024-08-29 17:00:00,6184.7
2024-08-29 18:00:00,5912.1
2024-08-29 19:00:00,6026.9
2024-08-29 20:00:00,6130.5
2024-08-29 21:00:00,6353.8
2024-08-29 22:00:00,6086.5
2024-08-29 23:00:00,5587.4
2024-08-30 00:00:00,5305.6
2024-08-30 01:00:00,4842.0
2024-08-30 02:00:00,4564.0
2024-08-30 03:00:00,4351.7
2024-08-30 04:00:00,4182.2
2024-08-30 05:00:00,4143.3
2024-08-30 06:00:00,4211.5
2024-08-30 07:00:00,4405.3
2024-08-30 08:00:00,4727.2
2024-08-30 09:00:00,5667.9
2024-08-30 10:00:00,6018.2
2024-08-30 11:00:00,6161.4
2024-08-30 12:00:00,6683.7
2024-08-30 13:00:00,6699.6
2024-08-30 14:00:00,6654.2
2024-08-30 15:00:00,6960.8
2024-08-30 16:00:00,6750.0
2024-08-30 17:00:00,6227.4
2024-08-30 18:00:00,6290.2
2024-08-30 19:00:00,5973.9
2024-08-30 20:00:00,6193.6
2024-08-30 21:00:00,6406.9
2024-08-30 22:00:00,6029.5
2024-08-30 23:00:00,5557.4
2024-08-31 00:00:00,5138.6
2024-08-31 01:00:00,4874.4
2024-08-31 02:00:00,4528.0
2024-08-31 03:00:00,4315.9
2024-08-31 04:00:00,4175.1
2024-08-31 05:00:00,4100.9
2024-08-31 06:00:00,4106.8
2024-08-31 07:00:00,4167.7
2024-08-31 08:00:00,4233.5
2024-08-31 09:00:00,4933.1
2024-08-31 10:00:00,5268.8
2024-08-31 11:00:00,6308.6
2024-08-31 12:00:00,6437.5
2024-08-31 13:00:00,6913.5
2024-08-31 14:00:00,6721.5
2024-08-31 15:00:00,6617.8
2024-08-31 16:00:00,6566.8
2024-08-31 17:00:00,5656.2
2024-08-31 18:00:00,5416.8
2024-08-31 19:00:00,5271.9
2024-08-31 20:00:00,5338.4
2024-08-31 21:00:00,5626.7
2024-08-31 22:00:00,5422.3
2024-08-31 23:00:00,5111.5
2024-09-01 00:00:00,4694.7
2024-09-01 01:00:00,4409.2
2024-09-01 02:00:00,4119.1
2024-09-01 03:00:00,3904.7
2024-09-01 04:00:00,3796.9
2024-09-01 05:00:00,3727.2
2024-09-01 06:00:00,3753.2
2024-09-01 07:00:00,3826.8
2024-09-01 08:00:00,3818.4
2024-09-01 09:00:00,4424.8
2024-09-01 10:00:00,5679.3
2024-09-01 11:00:00,6416.1
2024-09-01 12:00:00,6716.3
2024-09-01 13:00:00,6822.5
2024-09-01 14:00:00,6733.6
2024-09-01 15:00:00,6548.8
2024-09-01 16:00:00,6473.5
2024-09-01 17:00:00,6034.9
2024-09-01 18:00:00,4845.2
2024-09-01 19:00:00,4747.8
2024-09-01 20:00:00,5047.4
2024-09-01 21:00:00,5321.9
2024-09-01 22:00:00,5114.7
2024-09-01 23:00:00,4708.7
2024-09-02 00:00:00,4350.0
2024-09-02 01:00:00,4097.8
2024-09-02 02:00:00,3827.8
2024-09-02 03:00:00,3646.7
2024-09-02 04:00:00,3501.5
2024-09-02 05:00:00,3464.0
2024-09-02 06:00:00,3615.2
2024-09-02 07:00:00,3895.6
2024-09-02 08:00:00,4206.9
2024-09-02 09:00:00,4973.0
2024-09-02 10:00:00,6086.5
2024-09-02 11:00:00,6250.2
2024-09-02 12:00:00,7054.3
2024-09-02 13:00:00,7106.2
2024-09-02 14:00:00,7198.4
2024-09-02 15:00:00,6929.4
2024-09-02 16:00:00,6664.1
2024-09-02 17:00:00,6581.1
2024-09-02 18:00:00,5500.2
2024-09-02 19:00:00,5615.4
2024-09-02 20:00:00,5891.0
2024-09-02 21:00:00,6075.3
2024-09-02 22:00:00,5775.1
2024-09-02 23:00:00,5315.2
2024-09-03 00:00:00,4960.4
2024-09-03 01:00:00,4457.4
2024-09-03 02:00:00,4214.2
2024-09-03 03:00:00,4047.5
2024-09-03 04:00:00,3960.2
2024-09-03 05:00:00,3901.1
2024-09-03 06:00:00,3974.9
2024-09-03 07:00:00,4273.2
2024-09-03 08:00:00,4625.3
2024-09-03 09:00:00,5244.5
2024-09-03 10:00:00,6181.2
2024-09-03 11:00:00,6318.4
2024-09-03 12:00:00,6957.0
2024-09-03 13:00:00,6915.4
2024-09-03 14:00:00,6781.1
2024-09-03 15:00:00,6377.5
2024-09-03 16:00:00,6740.1
2024-09-03 17:00:00,6337.3
2024-09-03 18:00:00,6352.2
2024-09-03 19:00:00,5601.7
2024-09-03 20:00:00,5889.1
2024-09-03 21:00:00,6173.7
2024-09-03 22:00:00,5865.2
2024-09-03 23:00:00,5371.4
2024-09-04 00:00:00,4875.9
2024-09-04 01:00:00,4707.6
2024-09-04 02:00:00,4553.4
2024-09-04 03:00:00,4509.9
2024-09-04 04:00:00,4412.5
2024-09-04 05:00:00,4303.2
2024-09-04 06:00:00,4216.7
2024-09-04 07:00:00,4479.1
2024-09-04 08:00:00,4855.7
2024-09-04 09:00:00,5534.4
2024-09-04 10:00:00,6323.3
2024-09-04 11:00:00,6931.8
2024-09-04 12:00:00,7138.4
2024-09-04 13:00:00,7227.3
2024-09-04 14:00:00,7349.1
2024-09-04 15:00:00,7447.2
2024-09-04 16:00:00,7222.3
2024-09-04 17:00:00,7253.0
2024-09-04 18:00:00,6969.6
2024-09-04 19:00:00,6195.3
2024-09-04 20:00:00,6340.5
2024-09-04 21:00:00,6588.2
2024-09-04 22:00:00,6292.7
2024-09-04 23:00:00,5801.9
2024-09-05 00:00:00,5314.0
2024-09-05 01:00:00,5012.7
2024-09-05 02:00:00,4744.8
2024-09-05 03:00:00,4380.0
2024-09-05 04:00:00,4283.4
2024-09-05 05:00:00,4249.2
2024-09-05 06:00:00,4333.5
2024-09-05 07:00:00,4593.5
2024-09-05 08:00:00,4905.3
2024-09-05 09:00:00,5790.9
2024-09-05 10:00:00,6284.4
2024-09-05 11:00:00,7098.1
2024-09-05 12:00:00,7281.1
2024-09-05 13:00:00,7219.4
2024-09-05 14:00:00,7052.3
2024-09-05 15:00:00,7151.2
2024-09-05 16:00:00,6992.7
2024-09-05 17:00:00,6771.7
2024-09-05 18:00:00,6178.9
2024-09-05 19:00:00,6058.7
2024-09-05 20:00:00,6251.9
2024-09-05 21:00:00,6482.4
2024-09-05 22:00:00,6199.7
2024-09-05 23:00:00,5684.2
2024-09-06 00:00:00,5205.2
2024-09-06 01:00:00,4787.1
2024-09-06 02:00:00,4535.4
2024-09-06 03:00:00,4317.6
2024-09-06 04:00:00,4201.9
2024-09-06 05:00:00,4159.7
2024-09-06 06:00:00,4242.1
2024-09-06 07:00:00,4536.4
2024-09-06 08:00:00,4892.9
2024-09-06 09:00:00,5817.9
2024-09-06 10:00:00,6295.1
2024-09-06 11:00:00,7002.8
2024-09-06 12:00:00,7196.7
2024-09-06 13:00:00,7176.6
2024-09-06 14:00:00,7305.1
2024-09-06 15:00:00,7763.2
2024-09-06 16:00:00,7763.0
2024-09-06 17:00:00,7035.7
2024-09-06 18:00:00,6866.8
2024-09-06 19:00:00,5969.0
2024-09-06 20:00:00,6104.3
2024-09-06 21:00:00,6320.5
2024-09-06 22:00:00,6016.0
2024-09-06 23:00:00,5529.4
2024-09-07 00:00:00,5191.1
2024-09-07 01:00:00,4801.1
2024-09-07 02:00:00,4498.8
2024-09-07 03:00:00,4310.4
2024-09-07 04:00:00,4165.5
2024-09-07 05:00:00,4108.4
2024-09-07 06:00:00,4127.7
2024-09-07 07:00:00,4215.9
2024-09-07 08:00:00,4588.8
2024-09-07 09:00:00,5408.2
2024-09-07 10:00:00,6164.5
2024-09-07 11:00:00,6680.6
2024-09-07 12:00:00,6804.6
2024-09-07 13:00:00,6839.6
2024-09-07 14:00:00,6859.7
2024-09-07 15:00:00,6733.5
2024-09-07 16:00:00,6713.1
2024-09-07 17:00:00,6071.9
2024-09-07 18:00:00,5235.8
2024-09-07 19:00:00,5086.0
2024-09-07 20:00:00,5267.6
2024-09-07 21:00:00,5566.0
2024-09-07 22:00:00,5283.8
2024-09-07 23:00:00,4959.9
2024-09-08 00:00:00,4712.2
2024-09-08 01:00:00,4370.5
2024-09-08 02:00:00,4122.3
2024-09-08 03:00:00,3928.4
2024-09-08 04:00:00,3858.7
2024-09-08 05:00:00,3797.3
2024-09-08 06:00:00,3779.0
2024-09-08 07:00:00,3869.9
2024-09-08 08:00:00,4057.9
2024-09-08 09:00:00,5344.9
2024-09-08 10:00:00,5678.1
2024-09-08 11:00:00,6454.9
2024-09-08 12:00:00,6631.2
2024-09-08 13:00:00,7086.1
2024-09-08 14:00:00,6979.4
2024-09-08 15:00:00,6778.1
2024-09-08 16:00:00,6685.5
2024-09-08 17:00:00,6566.5
2024-09-08 18:00:00,6148.1
2024-09-08 19:00:00,6050.5
2024-09-08 20:00:00,5349.3
2024-09-08 21:00:00,5702.8
2024-09-08 22:00:00,5564.5
2024-09-08 23:00:00,5299.1
2024-09-09 00:00:00,5019.9
2024-09-09 01:00:00,4741.5
2024-09-09 02:00:00,4517.8
2024-09-09 03:00:00,4366.5
2024-09-09 04:00:00,4238.6
2024-09-09 05:00:00,4208.6
2024-09-09 06:00:00,4252.2
2024-09-09 07:00:00,4631.0
2024-09-09 08:00:00,5057.1
2024-09-09 09:00:00,5867.0
2024-09-09 10:00:00,6787.5
2024-09-09 11:00:00,6791.8
2024-09-09 12:00:00,7039.2
2024-09-09 13:00:00,7232.6
2024-09-09 14:00:00,7281.1
2024-09-09 15:00:00,7373.5
2024-09-09 16:00:00,7276.0
2024-09-09 17:00:00,7098.9
2024-09-09 18:00:00,6814.4
2024-09-09 19:00:00,6006.3
2024-09-09 20:00:00,6307.4
2024-09-09 21:00:00,6566.0
2024-09-09 22:00:00,6228.6
2024-09-09 23:00:00,5730.3
2024-09-10 00:00:00,5153.7
2024-09-10 01:00:00,4826.7
2024-09-10 02:00:00,4560.0
2024-09-10 03:00:00,4375.1
2024-09-10 04:00:00,4277.8
2024-09-10 05:00:00,4244.0
2024-09-10 06:00:00,4329.8
2024-09-10 07:00:00,4589.4
2024-09-10 08:00:00,5071.0
2024-09-10 09:00:00,5739.3
2024-09-10 10:00:00,6876.6
2024-09-10 11:00:00,6870.0
2024-09-10 12:00:00,7157.4
2024-09-10 13:00:00,7187.7
2024-09-10 14:00:00,7332.7
2024-09-10 15:00:00,7311.1
2024-09-10 16:00:00,7257.0
2024-09-10 17:00:00,7062.5
2024-09-10 18:00:00,7091.0
2024-09-10 19:00:00,6160.6
2024-09-10 20:00:00,6360.8
2024-09-10 21:00:00,6717.9
2024-09-10 22:00:00,6350.4
2024-09-10 23:00:00,5834.3
2024-09-11 00:00:00,5472.5
2024-09-11 01:00:00,4979.9
2024-09-11 02:00:00,4739.0
2024-09-11 03:00:00,4539.6
2024-09-11 04:00:00,4359.1
2024-09-11 05:00:00,4328.1
2024-09-11 06:00:00,4327.9
2024-09-11 07:00:00,4604.6
2024-09-11 08:00:00,5019.5
2024-09-11 09:00:00,6032.1
2024-09-11 10:00:00,6939.6
2024-09-11 11:00:00,7176.9
2024-09-11 12:00:00,7281.3
2024-09-11 13:00:00,7436.5
2024-09-11 14:00:00,7362.5
2024-09-11 15:00:00,7482.9
2024-09-11 16:00:00,7255.0
2024-09-11 17:00:00,7055.7
2024-09-11 18:00:00,6466.3
2024-09-11 19:00:00,6250.8
2024-09-11 20:00:00,6459.6
2024-09-11 21:00:00,6663.4
2024-09-11 22:00:00,6316.4
2024-09-11 23:00:00,5776.5
2024-09-12 00:00:00,5293.8
2024-09-12 01:00:00,4932.7
2024-09-12 02:00:00,4772.8
2024-09-12 03:00:00,4493.0
2024-09-12 04:00:00,4402.6
2024-09-12 05:00:00,4365.6
2024-09-12 06:00:00,4407.4
2024-09-12 07:00:00,4748.8
2024-09-12 08:00:00,5142.5
2024-09-12 09:00:00,6108.4
2024-09-12 10:00:00,6394.8
2024-09-12 11:00:00,7105.2
2024-09-12 12:00:00,7206.9
2024-09-12 13:00:00,7089.5
2024-09-12 14:00:00,7267.8
2024-09-12 15:00:00,7383.7
2024-09-12 16:00:00,7388.9
2024-09-12 17:00:00,7074.6
2024-09-12 18:00:00,7100.4
2024-09-12 19:00:00,6237.0
2024-09-12 20:00:00,6521.5
2024-09-12 21:00:00,6731.9
2024-09-12 22:00:00,6352.1
2024-09-12 23:00:00,5835.1
2024-09-13 00:00:00,5397.1
2024-09-13 01:00:00,5012.3
2024-09-13 02:00:00,4742.5
2024-09-13 03:00:00,4876.9
2024-09-13 04:00:00,4826.0
2024-09-13 05:00:00,4711.0
2024-09-13 06:00:00,4722.1
2024-09-13 07:00:00,4995.5
2024-09-13 08:00:00,5393.1
2024-09-13 09:00:00,6564.2
2024-09-13 10:00:00,7015.0
2024-09-13 11:00:00,7896.4
2024-09-13 12:00:00,7982.1
2024-09-13 13:00:00,7460.0
2024-09-13 14:00:00,7597.7
2024-09-13 15:00:00,7610.4
2024-09-13 16:00:00,7619.0
2024-09-13 17:00:00,7493.0
2024-09-13 18:00:00,7007.1
2024-09-13 19:00:00,6511.3
2024-09-13 20:00:00,6722.6
2024-09-13 21:00:00,6908.6
2024-09-13 22:00:00,6499.3
2024-09-13 23:00:00,6154.7
2024-09-14 00:00:00,6264.6
2024-09-14 01:00:00,5815.4
2024-09-14 02:00:00,5563.6
2024-09-14 03:00:00,5383.9
2024-09-14 04:00:00,5212.5
2024-09-14 05:00:00,5148.6
2024-09-14 06:00:00,4464.5
2024-09-14 07:00:00,4555.1
2024-09-14 08:00:00,4615.1
2024-09-14 09:00:00,5439.6
2024-09-14 10:00:00,5896.6
2024-09-14 11:00:00,6184.8
2024-09-14 12:00:00,6254.6
2024-09-14 13:00:00,6564.8
2024-09-14 14:00:00,6402.0
2024-09-14 15:00:00,6295.5
2024-09-14 16:00:00,5988.3
2024-09-14 17:00:00,5993.3
2024-09-14 18:00:00,5916.9
2024-09-14 19:00:00,5452.6
2024-09-14 20:00:00,5781.8
2024-09-14 21:00:00,6111.1
2024-09-14 22:00:00,5770.4
2024-09-14 23:00:00,5439.7
2024-09-15 00:00:00,5138.6
2024-09-15 01:00:00,4764.0
2024-09-15 02:00:00,4511.3
2024-09-15 03:00:00,4303.8
2024-09-15 04:00:00,4194.9
2024-09-15 05:00:00,4126.4
2024-09-15 06:00:00,4055.6
2024-09-15 07:00:00,4137.1
2024-09-15 08:00:00,4210.7
2024-09-15 09:00:00,4860.5
2024-09-15 10:00:00,6348.9
2024-09-15 11:00:00,6599.1
2024-09-15 12:00:00,6811.3
2024-09-15 13:00:00,6828.9
2024-09-15 14:00:00,6734.0
2024-09-15 15:00:00,6601.1
2024-09-15 16:00:00,6500.0
2024-09-15 17:00:00,6479.7
2024-09-15 18:00:00,5615.7
2024-09-15 19:00:00,5259.0
2024-09-15 20:00:00,5703.5
2024-09-15 21:00:00,6051.8
2024-09-15 22:00:00,5872.2
2024-09-15 23:00:00,5525.2
2024-09-16 00:00:00,5143.6
2024-09-16 01:00:00,5267.0
2024-09-16 02:00:00,5033.0
2024-09-16 03:00:00,4983.1
2024-09-16 04:00:00,4847.4
2024-09-16 05:00:00,4831.4
2024-09-16 06:00:00,4448.6
2024-09-16 07:00:00,4762.6
2024-09-16 08:00:00,5222.0
2024-09-16 09:00:00,6695.0
2024-09-16 10:00:00,7702.1
2024-09-16 11:00:00,7972.9
2024-09-16 12:00:00,8270.6
2024-09-16 13:00:00,8207.2
2024-09-16 14:00:00,8159.3
2024-09-16 15:00:00,8233.4
2024-09-16 16:00:00,8068.5
2024-09-16 17:00:00,7897.7
2024-09-16 18:00:00,7246.0
2024-09-16 19:00:00,6629.8
2024-09-16 20:00:00,6902.1
2024-09-16 21:00:00,7119.0
2024-09-16 22:00:00,6859.4
2024-09-16 23:00:00,6357.2
2024-09-17 00:00:00,6057.1
2024-09-17 01:00:00,5606.4
2024-09-17 02:00:00,5336.1
2024-09-17 03:00:00,5156.2
2024-09-17 04:00:00,5056.2
2024-09-17 05:00:00,5021.3
2024-09-17 06:00:00,5026.3
2024-09-17 07:00:00,5088.1
2024-09-17 08:00:00,5536.6
2024-09-17 09:00:00,6528.7
2024-09-17 10:00:00,7634.8
2024-09-17 11:00:00,8200.9
2024-09-17 12:00:00,8242.3
2024-09-17 13:00:00,8265.1
2024-09-17 14:00:00,8067.6
2024-09-17 15:00:00,7836.2
2024-09-17 16:00:00,7625.3
2024-09-17 17:00:00,7289.2
2024-09-17 18:00:00,7329.0
2024-09-17 19:00:00,6757.6
2024-09-17 20:00:00,6973.6
2024-09-17 21:00:00,7250.0
2024-09-17 22:00:00,6890.8
2024-09-17 23:00:00,6357.1
2024-09-18 00:00:00,5860.5
2024-09-18 01:00:00,5397.2
2024-09-18 02:00:00,5121.1
2024-09-18 03:00:00,4900.5
2024-09-18 04:00:00,4751.4
2024-09-18 05:00:00,4656.2
2024-09-18 06:00:00,4739.3
2024-09-18 07:00:00,5063.2
2024-09-18 08:00:00,5464.0
2024-09-18 09:00:00,6176.9
2024-09-18 10:00:00,6416.6
2024-09-18 11:00:00,6532.8
2024-09-18 12:00:00,6612.2
2024-09-18 13:00:00,6436.5
2024-09-18 14:00:00,6335.4
2024-09-18 15:00:00,6517.6
2024-09-18 16:00:00,6541.8
2024-09-18 17:00:00,6513.2
2024-09-18 18:00:00,6526.1
2024-09-18 19:00:00,6659.0
2024-09-18 20:00:00,7032.5
2024-09-18 21:00:00,7234.6
2024-09-18 22:00:00,6780.7
2024-09-18 23:00:00,6245.2
2024-09-19 00:00:00,5689.7
2024-09-19 01:00:00,5116.7
2024-09-19 02:00:00,4852.3
2024-09-19 03:00:00,4670.6
2024-09-19 04:00:00,4583.3
2024-09-19 05:00:00,4559.7
2024-09-19 06:00:00,4688.6
2024-09-19 07:00:00,5087.6
2024-09-19 08:00:00,5552.0
2024-09-19 09:00:00,6209.5
2024-09-19 10:00:00,6420.1
2024-09-19 11:00:00,6352.5
2024-09-19 12:00:00,6386.0
2024-09-19 13:00:00,6247.5
2024-09-19 14:00:00,6180.8
2024-09-19 15:00:00,6301.9
2024-09-19 16:00:00,6324.0
2024-09-19 17:00:00,6410.9
2024-09-19 18:00:00,6388.0
2024-09-19 19:00:00,6458.7
2024-09-19 20:00:00,6814.0
2024-09-19 21:00:00,7010.1
2024-09-19 22:00:00,6545.5
2024-09-19 23:00:00,6042.7
2024-09-20 00:00:00,5319.5
2024-09-20 01:00:00,4859.7
2024-09-20 02:00:00,4606.3
2024-09-20 03:00:00,4436.7
2024-09-20 04:00:00,4289.3
2024-09-20 05:00:00,4240.4
2024-09-20 06:00:00,4274.0
2024-09-20 07:00:00,4674.4
2024-09-20 08:00:00,5184.5
2024-09-20 09:00:00,5839.8
2024-09-20 10:00:00,6386.1
2024-09-20 11:00:00,6281.4
2024-09-20 12:00:00,6410.6
2024-09-20 13:00:00,6944.6
2024-09-20 14:00:00,6866.6
2024-09-20 15:00:00,6982.6
2024-09-20 16:00:00,7016.9
2024-09-20 17:00:00,6423.6
2024-09-20 18:00:00,6318.1
2024-09-20 19:00:00,6126.3
2024-09-20 20:00:00,6454.8
2024-09-20 21:00:00,6606.7
2024-09-20 22:00:00,6140.1
2024-09-20 23:00:00,5634.5
2024-09-21 00:00:00,5192.6
2024-09-21 01:00:00,4765.0
2024-09-21 02:00:00,4463.6
2024-09-21 03:00:00,4242.3
2024-09-21 04:00:00,4122.5
2024-09-21 05:00:00,4060.2
2024-09-21 06:00:00,4073.5
2024-09-21 07:00:00,4191.7
2024-09-21 08:00:00,4341.8
2024-09-21 09:00:00,4662.3
2024-09-21 10:00:00,5239.9
2024-09-21 11:00:00,5650.6
2024-09-21 12:00:00,6117.6
2024-09-21 13:00:00,6298.5
2024-09-21 14:00:00,6361.4
2024-09-21 15:00:00,6415.8
2024-09-21 16:00:00,6365.3
2024-09-21 17:00:00,6202.6
2024-09-21 18:00:00,5367.5
2024-09-21 19:00:00,5517.1
2024-09-21 20:00:00,5489.0
2024-09-21 21:00:00,5651.1
2024-09-21 22:00:00,5287.1
2024-09-21 23:00:00,4981.3
2024-09-22 00:00:00,4694.9
2024-09-22 01:00:00,4311.2
2024-09-22 02:00:00,4046.3
2024-09-22 03:00:00,3857.8
2024-09-22 04:00:00,3763.7
2024-09-22 05:00:00,3704.5
2024-09-22 06:00:00,4045.7
2024-09-22 07:00:00,4157.0
2024-09-22 08:00:00,4184.0
2024-09-22 09:00:00,4396.2
2024-09-22 10:00:00,5274.5
2024-09-22 11:00:00,5903.2
2024-09-22 12:00:00,6087.1
2024-09-22 13:00:00,6739.4
2024-09-22 14:00:00,6742.5
2024-09-22 15:00:00,5892.1
2024-09-22 16:00:00,5694.8
2024-09-22 17:00:00,5738.9
2024-09-22 18:00:00,5657.8
2024-09-22 19:00:00,5157.7
2024-09-22 20:00:00,5231.2
2024-09-22 21:00:00,5479.2
2024-09-22 22:00:00,5217.2
2024-09-22 23:00:00,4927.7
2024-09-23 00:00:00,4618.8
2024-09-23 01:00:00,4356.6
2024-09-23 02:00:00,4121.7
2024-09-23 03:00:00,3967.4
2024-09-23 04:00:00,3842.1
2024-09-23 05:00:00,3824.4
2024-09-23 06:00:00,3930.7
2024-09-23 07:00:00,4387.5
2024-09-23 08:00:00,4932.9
2024-09-23 09:00:00,5957.2
2024-09-23 10:00:00,6279.8
2024-09-23 11:00:00,6693.9
2024-09-23 12:00:00,7036.7
2024-09-23 13:00:00,7141.1
2024-09-23 14:00:00,7199.0
2024-09-23 15:00:00,7430.9
2024-09-23 16:00:00,7488.0
2024-09-23 17:00:00,7411.9
2024-09-23 18:00:00,6395.2
2024-09-23 19:00:00,6104.2
2024-09-23 20:00:00,6510.6
2024-09-23 21:00:00,6632.8
2024-09-23 22:00:00,6173.4
2024-09-23 23:00:00,5623.9
2024-09-24 00:00:00,5485.1
2024-09-24 01:00:00,5131.7
2024-09-24 02:00:00,4858.1
2024-09-24 03:00:00,4643.4
2024-09-24 04:00:00,4553.5
2024-09-24 05:00:00,4459.2
2024-09-24 06:00:00,4595.4
2024-09-24 07:00:00,4930.9
2024-09-24 08:00:00,5440.9
2024-09-24 09:00:00,6139.4
2024-09-24 10:00:00,6369.9
2024-09-24 11:00:00,6407.8
2024-09-24 12:00:00,6919.1
2024-09-24 13:00:00,7083.6
2024-09-24 14:00:00,7334.4
2024-09-24 15:00:00,7311.0
2024-09-24 16:00:00,7122.6
2024-09-24 17:00:00,6709.1
2024-09-24 18:00:00,6376.7
2024-09-24 19:00:00,6311.8
2024-09-24 20:00:00,6602.8
2024-09-24 21:00:00,6752.5
2024-09-24 22:00:00,6263.0
2024-09-24 23:00:00,6054.7
2024-09-25 00:00:00,5689.8
2024-09-25 01:00:00,5254.6
2024-09-25 02:00:00,5014.3
2024-09-25 03:00:00,4803.6
2024-09-25 04:00:00,4877.5
2024-09-25 05:00:00,4836.0
2024-09-25 06:00:00,4957.1
2024-09-25 07:00:00,5045.4
2024-09-25 08:00:00,5543.1
2024-09-25 09:00:00,6307.5
2024-09-25 10:00:00,6708.6
2024-09-25 11:00:00,7344.9
2024-09-25 12:00:00,7724.4
2024-09-25 13:00:00,7571.5
2024-09-25 14:00:00,7591.5
2024-09-25 15:00:00,7767.9
2024-09-25 16:00:00,7766.1
2024-09-25 17:00:00,7792.4
2024-09-25 18:00:00,7428.4
2024-09-25 19:00:00,7038.7
2024-09-25 20:00:00,7145.0
2024-09-25 21:00:00,7288.3
2024-09-25 22:00:00,7274.2
2024-09-25 23:00:00,6963.5
2024-09-26 00:00:00,6464.7
2024-09-26 01:00:00,6338.5
2024-09-26 02:00:00,6147.7
2024-09-26 03:00:00,6090.3
2024-09-26 04:00:00,6003.2
2024-09-26 05:00:00,5844.1
2024-09-26 06:00:00,5595.8
2024-09-26 07:00:00,5262.9
2024-09-26 08:00:00,5768.5
2024-09-26 09:00:00,7134.1
2024-09-26 10:00:00,8125.9
2024-09-26 11:00:00,8295.5
2024-09-26 12:00:00,8876.2
2024-09-26 13:00:00,8691.9
2024-09-26 14:00:00,8564.3
2024-09-26 15:00:00,8656.6
2024-09-26 16:00:00,8611.3
2024-09-26 17:00:00,7969.5
2024-09-26 18:00:00,7800.6
2024-09-26 19:00:00,6725.3
2024-09-26 20:00:00,7092.4
2024-09-26 21:00:00,7126.0
2024-09-26 22:00:00,7148.2
2024-09-26 23:00:00,6899.2
2024-09-27 00:00:00,6330.0
2024-09-27 01:00:00,5949.3
2024-09-27 02:00:00,5843.8
2024-09-27 03:00:00,5792.3
2024-09-27 04:00:00,5774.1
2024-09-27 05:00:00,5289.1
2024-09-27 06:00:00,4728.9
2024-09-27 07:00:00,5056.8
2024-09-27 08:00:00,5547.8
2024-09-27 09:00:00,6261.7
2024-09-27 10:00:00,7634.2
2024-09-27 11:00:00,8307.3
2024-09-27 12:00:00,8446.6
2024-09-27 13:00:00,8336.3
2024-09-27 14:00:00,8236.3
2024-09-27 15:00:00,8294.6
2024-09-27 16:00:00,8163.7
2024-09-27 17:00:00,7798.4
2024-09-27 18:00:00,7161.2
2024-09-27 19:00:00,6557.3
2024-09-27 20:00:00,6846.9
2024-09-27 21:00:00,6974.7
2024-09-27 22:00:00,6549.1
2024-09-27 23:00:00,6026.1
2024-09-28 00:00:00,5612.0
2024-09-28 01:00:00,5153.7
2024-09-28 02:00:00,4822.3
2024-09-28 03:00:00,4628.5
2024-09-28 04:00:00,4525.6
2024-09-28 05:00:00,4462.3
2024-09-28 06:00:00,4467.1
2024-09-28 07:00:00,4578.8
2024-09-28 08:00:00,4666.4
2024-09-28 09:00:00,5096.0
2024-09-28 10:00:00,6236.2
2024-09-28 11:00:00,7341.2
2024-09-28 12:00:00,7390.7
2024-09-28 13:00:00,7309.0
2024-09-28 14:00:00,7112.5
2024-09-28 15:00:00,6889.3
2024-09-28 16:00:00,6813.5
2024-09-28 17:00:00,6467.4
2024-09-28 18:00:00,5244.3
2024-09-28 19:00:00,5432.8
2024-09-28 20:00:00,5936.6
2024-09-28 21:00:00,6080.6
2024-09-28 22:00:00,5732.8
2024-09-28 23:00:00,5347.4
2024-09-29 00:00:00,5035.7
2024-09-29 01:00:00,4686.8
2024-09-29 02:00:00,4441.6
2024-09-29 03:00:00,4252.7
2024-09-29 04:00:00,4153.2
2024-09-29 05:00:00,4091.3
2024-09-29 06:00:00,4116.2
2024-09-29 07:00:00,4206.1
2024-09-29 08:00:00,4194.3
2024-09-29 09:00:00,4910.6
2024-09-29 10:00:00,6152.0
2024-09-29 11:00:00,6355.8
2024-09-29 12:00:00,6449.4
2024-09-29 13:00:00,6566.1
2024-09-29 14:00:00,6609.9
2024-09-29 15:00:00,6616.0
2024-09-29 16:00:00,6314.4
2024-09-29 17:00:00,6256.3
2024-09-29 18:00:00,5590.4
2024-09-29 19:00:00,5212.3
2024-09-29 20:00:00,5660.2
2024-09-29 21:00:00,5921.8
2024-09-29 22:00:00,5688.4
2024-09-29 23:00:00,5364.1
2024-09-30 00:00:00,4995.5
2024-09-30 01:00:00,4720.7
2024-09-30 02:00:00,4485.2
2024-09-30 03:00:00,4339.6
2024-09-30 04:00:00,4284.3
2024-09-30 05:00:00,4191.4
2024-09-30 06:00:00,4368.3
2024-09-30 07:00:00,4728.3
2024-09-30 08:00:00,5244.4
2024-09-30 09:00:00,6034.0
2024-09-30 10:00:00,6377.3
2024-09-30 11:00:00,6775.0
2024-09-30 12:00:00,7101.7
2024-09-30 13:00:00,7206.5
2024-09-30 14:00:00,7192.1
2024-09-30 15:00:00,7317.6
2024-09-30 16:00:00,7250.6
2024-09-30 17:00:00,7010.3
2024-09-30 18:00:00,6337.2
2024-09-30 19:00:00,6476.4
2024-09-30 20:00:00,6906.6
2024-09-30 21:00:00,7044.4
2024-09-30 22:00:00,6599.0
2024-09-30 23:00:00,6068.9
2024-10-01 00:00:00,5198.1
2024-10-01 01:00:00,4808.9
2024-10-01 02:00:00,4515.3
2024-10-01 03:00:00,4351.6
2024-10-01 04:00:00,4384.8
2024-10-01 05:00:00,4378.7
2024-10-01 06:00:00,4428.2
2024-10-01 07:00:00,4638.6
2024-10-01 08:00:00,5209.1
2024-10-01 09:00:00,6338.7
2024-10-01 10:00:00,6698.9
2024-10-01 11:00:00,6827.5
2024-10-01 12:00:00,7081.4
2024-10-01 13:00:00,7939.2
2024-10-01 14:00:00,7885.7
2024-10-01 15:00:00,7632.1
2024-10-01 16:00:00,7982.7
2024-10-01 17:00:00,6790.7
2024-10-01 18:00:00,6635.3
2024-10-01 19:00:00,6302.5
2024-10-01 20:00:00,6714.9
2024-10-01 21:00:00,6717.2
2024-10-01 22:00:00,6298.9
2024-10-01 23:00:00,5807.2
2024-10-02 00:00:00,5500.4
2024-10-02 01:00:00,5182.2
2024-10-02 02:00:00,4920.8
2024-10-02 03:00:00,4783.1
2024-10-02 04:00:00,4618.2
2024-10-02 05:00:00,4620.8
2024-10-02 06:00:00,4577.6
2024-10-02 07:00:00,4936.4
2024-10-02 08:00:00,5502.9
2024-10-02 09:00:00,6262.3
2024-10-02 10:00:00,6587.6
2024-10-02 11:00:00,6737.1
2024-10-02 12:00:00,6908.9
2024-10-02 13:00:00,6816.9
2024-10-02 14:00:00,6805.3
2024-10-02 15:00:00,6985.8
2024-10-02 16:00:00,6817.1
2024-10-02 17:00:00,6906.4
2024-10-02 18:00:00,6541.2
2024-10-02 19:00:00,6287.9
2024-10-02 20:00:00,6671.2
2024-10-02 21:00:00,6612.4
2024-10-02 22:00:00,6432.6
2024-10-02 23:00:00,6136.7
2024-10-03 00:00:00,6476.4
2024-10-03 01:00:00,6206.8
2024-10-03 02:00:00,5892.0
2024-10-03 03:00:00,6124.6
2024-10-03 04:00:00,6047.5
2024-10-03 05:00:00,5996.8
2024-10-03 06:00:00,5577.2
2024-10-03 07:00:00,5152.5
2024-10-03 08:00:00,5734.0
2024-10-03 09:00:00,6592.4
2024-10-03 10:00:00,6863.6
2024-10-03 11:00:00,7301.3
2024-10-03 12:00:00,7687.2
2024-10-03 13:00:00,7637.1
2024-10-03 14:00:00,7729.4
2024-10-03 15:00:00,7666.0
2024-10-03 16:00:00,7665.1
2024-10-03 17:00:00,7454.9
2024-10-03 18:00:00,6366.9
2024-10-03 19:00:00,6136.2
2024-10-03 20:00:00,6568.2
2024-10-03 21:00:00,6606.0
2024-10-03 22:00:00,6420.1
2024-10-03 23:00:00,5974.9
2024-10-04 00:00:00,5615.3
2024-10-04 01:00:00,5235.1
2024-10-04 02:00:00,4974.0
2024-10-04 03:00:00,4779.7
2024-10-04 04:00:00,4654.4
2024-10-04 05:00:00,4612.5
2024-10-04 06:00:00,4682.0
2024-10-04 07:00:00,5100.4
2024-10-04 08:00:00,5633.8
2024-10-04 09:00:00,6354.8
2024-10-04 10:00:00,6643.3
2024-10-04 11:00:00,6584.1
2024-10-04 12:00:00,6817.2
2024-10-04 13:00:00,7302.0
2024-10-04 14:00:00,7724.8
2024-10-04 15:00:00,7793.9
2024-10-04 16:00:00,7742.3
2024-10-04 17:00:00,6394.0
2024-10-04 18:00:00,6351.5
2024-10-04 19:00:00,6120.4
2024-10-04 20:00:00,6487.1
2024-10-04 21:00:00,6514.8
2024-10-04 22:00:00,6100.7
2024-10-04 23:00:00,5585.8
2024-10-05 00:00:00,5056.1
2024-10-05 01:00:00,4570.0
2024-10-05 02:00:00,4558.2
2024-10-05 03:00:00,4489.3
2024-10-05 04:00:00,4407.1
2024-10-05 05:00:00,4351.3
2024-10-05 06:00:00,4321.8
2024-10-05 07:00:00,4441.9
2024-10-05 08:00:00,4535.2
2024-10-05 09:00:00,4813.1
2024-10-05 10:00:00,5361.8
2024-10-05 11:00:00,6324.3
2024-10-05 12:00:00,7126.9
2024-10-05 13:00:00,7706.2
2024-10-05 14:00:00,7766.5
2024-10-05 15:00:00,7639.0
2024-10-05 16:00:00,7553.9
2024-10-05 17:00:00,7052.6
2024-10-05 18:00:00,6244.1
2024-10-05 19:00:00,5603.5
2024-10-05 20:00:00,6088.6
2024-10-05 21:00:00,6115.3
2024-10-05 22:00:00,5825.4
2024-10-05 23:00:00,5477.5
2024-10-06 00:00:00,5572.3
2024-10-06 01:00:00,5624.1
2024-10-06 02:00:00,5371.2
2024-10-06 03:00:00,5457.3
2024-10-06 04:00:00,5537.6
2024-10-06 05:00:00,5424.4
2024-10-06 06:00:00,5233.7
2024-10-06 07:00:00,5170.3
2024-10-06 08:00:00,5316.9
2024-10-06 09:00:00,5533.2
2024-10-06 10:00:00,6420.5
2024-10-06 11:00:00,7016.0
2024-10-06 12:00:00,7802.6
2024-10-06 13:00:00,7906.4
2024-10-06 14:00:00,7744.7
2024-10-06 15:00:00,7522.7
2024-10-06 16:00:00,7329.8
2024-10-06 17:00:00,6681.2
2024-10-06 18:00:00,5209.1
2024-10-06 19:00:00,5425.4
2024-10-06 20:00:00,5993.5
2024-10-06 21:00:00,6102.1
2024-10-06 22:00:00,5788.7
2024-10-06 23:00:00,5441.3
2024-10-07 00:00:00,5055.1
2024-10-07 01:00:00,4791.7
2024-10-07 02:00:00,4617.3
2024-10-07 03:00:00,4619.0
2024-10-07 04:00:00,4548.5
2024-10-07 05:00:00,4489.8
2024-10-07 06:00:00,4462.8
2024-10-07 07:00:00,4858.8
2024-10-07 08:00:00,5478.9
2024-10-07 09:00:00,6217.3
2024-10-07 10:00:00,6547.9
2024-10-07 11:00:00,6548.1
2024-10-07 12:00:00,6888.2
2024-10-07 13:00:00,6983.5
2024-10-07 14:00:00,7557.2
2024-10-07 15:00:00,7687.8
2024-10-07 16:00:00,7024.7
2024-10-07 17:00:00,6852.1
2024-10-07 18:00:00,6604.6
2024-10-07 19:00:00,6724.4
2024-10-07 20:00:00,7241.2
2024-10-07 21:00:00,7251.8
2024-10-07 22:00:00,6741.3
2024-10-07 23:00:00,6172.8
2024-10-08 00:00:00,5892.8
2024-10-08 01:00:00,5906.5
2024-10-08 02:00:00,6331.1
2024-10-08 03:00:00,6180.6
2024-10-08 04:00:00,6112.9
2024-10-08 05:00:00,5959.1
2024-10-08 06:00:00,4962.2
2024-10-08 07:00:00,5211.5
2024-10-08 08:00:00,5784.1
2024-10-08 09:00:00,6475.2
2024-10-08 10:00:00,7361.0
2024-10-08 11:00:00,7844.9
2024-10-08 12:00:00,8176.6
2024-10-08 13:00:00,8248.0
2024-10-08 14:00:00,8862.4
2024-10-08 15:00:00,9078.5
2024-10-08 16:00:00,8321.3
2024-10-08 17:00:00,6876.1
2024-10-08 18:00:00,6825.7
2024-10-08 19:00:00,6927.3
2024-10-08 20:00:00,7390.8
2024-10-08 21:00:00,7329.0
2024-10-08 22:00:00,6862.5
2024-10-08 23:00:00,6322.3
2024-10-09 00:00:00,6614.5
2024-10-09 01:00:00,6230.4
2024-10-09 02:00:00,6180.0
2024-10-09 03:00:00,6080.0
2024-10-09 04:00:00,5867.9
2024-10-09 05:00:00,5771.0
2024-10-09 06:00:00,5871.0
2024-10-09 07:00:00,5289.3
2024-10-09 08:00:00,5843.3
2024-10-09 09:00:00,6635.9
2024-10-09 10:00:00,7084.3
2024-10-09 11:00:00,7274.1
2024-10-09 12:00:00,7605.8
2024-10-09 13:00:00,8185.4
2024-10-09 14:00:00,8352.2
2024-10-09 15:00:00,8425.3
2024-10-09 16:00:00,8352.6
2024-10-09 17:00:00,8311.4
2024-10-09 18:00:00,6860.5
2024-10-09 19:00:00,6914.7
2024-10-09 20:00:00,7417.3
2024-10-09 21:00:00,7347.0
2024-10-09 22:00:00,6839.1
2024-10-09 23:00:00,6270.5
2024-10-10 00:00:00,6250.8
2024-10-10 01:00:00,6335.1
2024-10-10 02:00:00,6133.8
2024-10-10 03:00:00,5979.6
2024-10-10 04:00:00,4951.8
2024-10-10 05:00:00,4758.8
2024-10-10 06:00:00,4855.2
2024-10-10 07:00:00,5132.0
2024-10-10 08:00:00,5713.7
2024-10-10 09:00:00,6507.4
2024-10-10 10:00:00,6811.8
2024-10-10 11:00:00,7148.2
2024-10-10 12:00:00,7632.8
2024-10-10 13:00:00,7236.1
2024-10-10 14:00:00,7482.1
2024-10-10 15:00:00,6991.9
2024-10-10 16:00:00,6724.2
2024-10-10 17:00:00,6728.1
2024-10-10 18:00:00,6603.8
2024-10-10 19:00:00,6741.2
2024-10-10 20:00:00,7253.6
2024-10-10 21:00:00,7202.7
2024-10-10 22:00:00,6726.1
2024-10-10 23:00:00,6197.0
2024-10-11 00:00:00,5603.2
2024-10-11 01:00:00,5196.5
2024-10-11 02:00:00,5007.3
2024-10-11 03:00:00,4838.2
2024-10-11 04:00:00,4769.3
2024-10-11 05:00:00,4669.6
2024-10-11 06:00:00,4694.3
2024-10-11 07:00:00,5065.5
2024-10-11 08:00:00,5665.0
2024-10-11 09:00:00,6409.7
2024-10-11 10:00:00,6830.0
2024-10-11 11:00:00,6819.9
2024-10-11 12:00:00,6867.2
2024-10-11 13:00:00,6840.2
2024-10-11 14:00:00,6720.4
2024-10-11 15:00:00,6783.9
2024-10-11 16:00:00,6771.0
2024-10-11 17:00:00,6777.0
2024-10-11 18:00:00,6686.2
2024-10-11 19:00:00,6715.4
2024-10-11 20:00:00,7213.0
2024-10-11 21:00:00,7242.5
2024-10-11 22:00:00,6727.4
2024-10-11 23:00:00,6172.8
2024-10-12 00:00:00,6034.6
2024-10-12 01:00:00,6082.4
2024-10-12 02:00:00,5801.5
2024-10-12 03:00:00,5917.8
2024-10-12 04:00:00,5918.5
2024-10-12 05:00:00,5555.7
2024-10-12 06:00:00,5374.6
2024-10-12 07:00:00,5404.8
2024-10-12 08:00:00,5515.6
2024-10-12 09:00:00,5562.0
2024-10-12 10:00:00,5390.5
2024-10-12 11:00:00,5521.7
2024-10-12 12:00:00,5651.4
2024-10-12 13:00:00,5718.1
2024-10-12 14:00:00,6172.8
2024-10-12 15:00:00,6202.8
2024-10-12 16:00:00,6140.2
2024-10-12 17:00:00,5820.0
2024-10-12 18:00:00,5400.0
2024-10-12 19:00:00,5670.3
2024-10-12 20:00:00,6119.3
2024-10-12 21:00:00,6208.0
2024-10-12 22:00:00,5751.4
2024-10-12 23:00:00,5341.0
2024-10-13 00:00:00,4964.7
2024-10-13 01:00:00,4635.2
2024-10-13 02:00:00,4377.2
2024-10-13 03:00:00,4174.2
2024-10-13 04:00:00,4074.5
2024-10-13 05:00:00,4036.1
2024-10-13 06:00:00,3985.2
2024-10-13 07:00:00,4109.3
2024-10-13 08:00:00,4238.1
2024-10-13 09:00:00,4579.3
2024-10-13 10:00:00,6383.6
2024-10-13 11:00:00,6806.8
2024-10-13 12:00:00,7068.7
2024-10-13 13:00:00,7476.2
2024-10-13 14:00:00,7344.0
2024-10-13 15:00:00,7204.2
2024-10-13 16:00:00,6787.5
2024-10-13 17:00:00,6558.2
2024-10-13 18:00:00,5163.2
2024-10-13 19:00:00,5412.0
2024-10-13 20:00:00,5615.1
2024-10-13 21:00:00,5738.3
2024-10-13 22:00:00,5364.7
2024-10-13 23:00:00,4958.9
2024-10-14 00:00:00,4952.3
2024-10-14 01:00:00,4715.5
2024-10-14 02:00:00,4483.9
2024-10-14 03:00:00,4337.7
2024-10-14 04:00:00,4246.8
2024-10-14 05:00:00,4211.7
2024-10-14 06:00:00,4295.7
2024-10-14 07:00:00,4685.8
2024-10-14 08:00:00,5315.1
2024-10-14 09:00:00,6064.4
2024-10-14 10:00:00,6399.3
2024-10-14 11:00:00,6371.4
2024-10-14 12:00:00,6448.0
2024-10-14 13:00:00,6467.4
2024-10-14 14:00:00,6352.4
2024-10-14 15:00:00,6467.2
2024-10-14 16:00:00,6431.1
2024-10-14 17:00:00,6439.6
2024-10-14 18:00:00,6472.8
2024-10-14 19:00:00,6139.2
2024-10-14 20:00:00,6725.2
2024-10-14 21:00:00,6614.0
2024-10-14 22:00:00,6098.4
2024-10-14 23:00:00,5546.9
2024-10-15 00:00:00,5502.4
2024-10-15 01:00:00,5107.3
2024-10-15 02:00:00,4794.8
2024-10-15 03:00:00,4613.4
2024-10-15 04:00:00,4562.1
2024-10-15 05:00:00,4543.5
2024-10-15 06:00:00,4574.0
2024-10-15 07:00:00,4858.1
2024-10-15 08:00:00,5433.2
2024-10-15 09:00:00,6217.2
2024-10-15 10:00:00,6541.8
2024-10-15 11:00:00,6579.4
2024-10-15 12:00:00,6635.4
2024-10-15 13:00:00,6621.1
2024-10-15 14:00:00,6575.4
2024-10-15 15:00:00,6752.4
2024-10-15 16:00:00,6692.4
2024-10-15 17:00:00,6728.1
2024-10-15 18:00:00,6348.0
2024-10-15 19:00:00,6433.6
2024-10-15 20:00:00,6866.1
2024-10-15 21:00:00,6756.4
2024-10-15 22:00:00,6200.2
2024-10-15 23:00:00,6023.5
2024-10-16 00:00:00,5544.7
2024-10-16 01:00:00,6043.8
2024-10-16 02:00:00,5927.6
2024-10-16 03:00:00,5798.6
2024-10-16 04:00:00,5960.1
2024-10-16 05:00:00,5930.0
2024-10-16 06:00:00,5456.2
2024-10-16 07:00:00,5865.3
2024-10-16 08:00:00,5540.0
2024-10-16 09:00:00,6635.6
2024-10-16 10:00:00,7547.2
2024-10-16 11:00:00,7698.5
2024-10-16 12:00:00,8310.9
2024-10-16 13:00:00,8432.8
2024-10-16 14:00:00,8325.4
2024-10-16 15:00:00,7948.6
2024-10-16 16:00:00,7567.0
2024-10-16 17:00:00,7406.8
2024-10-16 18:00:00,6734.3
2024-10-16 19:00:00,6468.5
2024-10-16 20:00:00,6878.0
2024-10-16 21:00:00,6769.6
2024-10-16 22:00:00,6331.7
2024-10-16 23:00:00,6111.1
2024-10-17 00:00:00,5489.2
2024-10-17 01:00:00,5042.4
2024-10-17 02:00:00,4831.8
2024-10-17 03:00:00,4656.4
2024-10-17 04:00:00,4561.7
2024-10-17 05:00:00,4940.7
2024-10-17 06:00:00,4490.3
2024-10-17 07:00:00,4963.3
2024-10-17 08:00:00,5579.6
2024-10-17 09:00:00,6317.7
2024-10-17 10:00:00,6526.0
2024-10-17 11:00:00,6934.5
2024-10-17 12:00:00,7362.5
2024-10-17 13:00:00,7181.7
2024-10-17 14:00:00,7524.5
2024-10-17 15:00:00,7835.2
2024-10-17 16:00:00,7831.4
2024-10-17 17:00:00,6926.3
2024-10-17 18:00:00,7010.2
2024-10-17 19:00:00,6692.1
2024-10-17 20:00:00,7284.6
2024-10-17 21:00:00,7180.0
2024-10-17 22:00:00,6689.5
2024-10-17 23:00:00,6122.9
2024-10-18 00:00:00,6532.5
2024-10-18 01:00:00,6077.8
2024-10-18 02:00:00,5787.9
2024-10-18 03:00:00,5611.4
2024-10-18 04:00:00,5538.0
2024-10-18 05:00:00,5446.1
2024-10-18 06:00:00,4680.6
2024-10-18 07:00:00,4989.1
2024-10-18 08:00:00,5539.7
2024-10-18 09:00:00,6304.6
2024-10-18 10:00:00,6808.5
2024-10-18 11:00:00,7329.6
2024-10-18 12:00:00,7437.2
2024-10-18 13:00:00,7463.6
2024-10-18 14:00:00,7453.8
2024-10-18 15:00:00,7671.6
2024-10-18 16:00:00,7712.2
2024-10-18 17:00:00,7544.8
2024-10-18 18:00:00,6592.3
2024-10-18 19:00:00,6652.1
2024-10-18 20:00:00,7173.1
2024-10-18 21:00:00,6999.5
2024-10-18 22:00:00,6598.1
2024-10-18 23:00:00,6034.9
2024-10-19 00:00:00,5451.6
2024-10-19 01:00:00,5026.7
2024-10-19 02:00:00,5615.0
2024-10-19 03:00:00,5475.7
2024-10-19 04:00:00,5364.7
2024-10-19 05:00:00,5350.0
2024-10-19 06:00:00,4825.8
2024-10-19 07:00:00,4492.4
2024-10-19 08:00:00,4681.6
2024-10-19 09:00:00,5041.7
2024-10-19 10:00:00,6263.8
2024-10-19 11:00:00,6480.3
2024-10-19 12:00:00,7129.2
2024-10-19 13:00:00,7221.2
2024-10-19 14:00:00,7018.2
2024-10-19 15:00:00,6864.2
2024-10-19 16:00:00,6778.5
2024-10-19 17:00:00,6489.4
2024-10-19 18:00:00,6410.8
2024-10-19 19:00:00,5737.2
2024-10-19 20:00:00,6118.9
2024-10-19 21:00:00,6051.5
2024-10-19 22:00:00,5682.9
2024-10-19 23:00:00,5271.0
2024-10-20 00:00:00,4917.5
2024-10-20 01:00:00,5094.0
2024-10-20 02:00:00,4841.8
2024-10-20 03:00:00,4669.2
2024-10-20 04:00:00,4701.4
2024-10-20 05:00:00,4643.2
2024-10-20 06:00:00,4529.0
2024-10-20 07:00:00,4585.5
2024-10-20 08:00:00,4223.9
2024-10-20 09:00:00,5010.5
2024-10-20 10:00:00,5548.9
2024-10-20 11:00:00,6616.4
2024-10-20 12:00:00,7088.7
2024-10-20 13:00:00,7227.1
2024-10-20 14:00:00,7063.8
2024-10-20 15:00:00,6864.4
2024-10-20 16:00:00,6680.0
2024-10-20 17:00:00,6109.4
2024-10-20 18:00:00,5076.6
2024-10-20 19:00:00,5379.5
2024-10-20 20:00:00,5916.7
2024-10-20 21:00:00,5874.6
2024-10-20 22:00:00,5645.6
2024-10-20 23:00:00,5279.8
2024-10-21 00:00:00,4936.7
2024-10-21 01:00:00,4635.0
2024-10-21 02:00:00,4493.0
2024-10-21 03:00:00,4342.9
2024-10-21 04:00:00,4265.0
2024-10-21 05:00:00,4277.3
2024-10-21 06:00:00,4244.2
2024-10-21 07:00:00,4657.1
2024-10-21 08:00:00,5296.8
2024-10-21 09:00:00,6058.6
2024-10-21 10:00:00,6397.1
2024-10-21 11:00:00,6384.8
2024-10-21 12:00:00,6436.5
2024-10-21 13:00:00,6437.7
2024-10-21 14:00:00,6392.5
2024-10-21 15:00:00,6536.3
2024-10-21 16:00:00,6472.9
2024-10-21 17:00:00,6478.1
2024-10-21 18:00:00,6491.9
2024-10-21 19:00:00,6710.2
2024-10-21 20:00:00,7155.5
2024-10-21 21:00:00,7005.1
2024-10-21 22:00:00,6522.6
2024-10-21 23:00:00,5953.1
2024-10-22 00:00:00,5438.0
2024-10-22 01:00:00,5108.5
2024-10-22 02:00:00,4877.3
2024-10-22 03:00:00,4679.9
2024-10-22 04:00:00,4592.0
2024-10-22 05:00:00,4565.5
2024-10-22 06:00:00,4620.8
2024-10-22 07:00:00,4929.6
2024-10-22 08:00:00,5587.4
2024-10-22 09:00:00,6327.0
2024-10-22 10:00:00,6609.7
2024-10-22 11:00:00,6652.9
2024-10-22 12:00:00,7790.8
2024-10-22 13:00:00,7731.3
2024-10-22 14:00:00,7518.5
2024-10-22 15:00:00,7619.9
2024-10-22 16:00:00,7706.0
2024-10-22 17:00:00,6588.6
2024-10-22 18:00:00,6617.8
2024-10-22 19:00:00,6798.2
2024-10-22 20:00:00,7336.3
2024-10-22 21:00:00,7158.8
2024-10-22 22:00:00,6670.1
2024-10-22 23:00:00,6139.0
2024-10-23 00:00:00,5561.2
2024-10-23 01:00:00,5145.0
2024-10-23 02:00:00,4863.5
2024-10-23 03:00:00,4928.0
2024-10-23 04:00:00,5015.0
2024-10-23 05:00:00,4593.4
2024-10-23 06:00:00,4574.0
2024-10-23 07:00:00,4928.9
2024-10-23 08:00:00,5564.0
2024-10-23 09:00:00,6314.0
2024-10-23 10:00:00,6644.2
2024-10-23 11:00:00,6641.0
2024-10-23 12:00:00,7266.1
2024-10-23 13:00:00,7728.7
2024-10-23 14:00:00,7633.7
2024-10-23 15:00:00,7507.1
2024-10-23 16:00:00,7433.7
2024-10-23 17:00:00,6629.5
2024-10-23 18:00:00,6162.7
2024-10-23 19:00:00,6310.7
2024-10-23 20:00:00,6865.8
2024-10-23 21:00:00,6713.9
2024-10-23 22:00:00,6215.2
2024-10-23 23:00:00,5653.8
2024-10-24 00:00:00,5612.3
2024-10-24 01:00:00,5203.5
2024-10-24 02:00:00,5433.6
2024-10-24 03:00:00,5408.7
2024-10-24 04:00:00,5287.9
2024-10-24 05:00:00,4879.2
2024-10-24 06:00:00,4690.7
2024-10-24 07:00:00,5078.0
2024-10-24 08:00:00,5585.1
2024-10-24 09:00:00,6388.2
2024-10-24 10:00:00,6710.3
2024-10-24 11:00:00,7490.7
2024-10-24 12:00:00,7895.3
2024-10-24 13:00:00,8282.7
2024-10-24 14:00:00,8374.7
2024-10-24 15:00:00,8554.6
2024-10-24 16:00:00,7997.2
2024-10-24 17:00:00,7418.1
2024-10-24 18:00:00,6543.3
2024-10-24 19:00:00,6740.1
2024-10-24 20:00:00,7293.5
2024-10-24 21:00:00,7073.7
2024-10-24 22:00:00,6718.4
2024-10-24 23:00:00,6160.3
2024-10-25 00:00:00,5620.5
2024-10-25 01:00:00,6232.8
2024-10-25 02:00:00,6254.9
2024-10-25 03:00:00,6065.7
2024-10-25 04:00:00,5810.0
2024-10-25 05:00:00,5714.9
2024-10-25 06:00:00,4691.5
2024-10-25 07:00:00,4984.6
2024-10-25 08:00:00,5583.8
2024-10-25 09:00:00,6272.8
2024-10-25 10:00:00,6591.8
2024-10-25 11:00:00,6590.8
2024-10-25 12:00:00,7360.3
2024-10-25 13:00:00,7378.6
2024-10-25 14:00:00,7549.0
2024-10-25 15:00:00,7813.0
2024-10-25 16:00:00,7652.1
2024-10-25 17:00:00,7342.9
2024-10-25 18:00:00,6409.4
2024-10-25 19:00:00,6633.6
2024-10-25 20:00:00,7169.1
2024-10-25 21:00:00,7061.8
2024-10-25 22:00:00,6545.3
2024-10-25 23:00:00,5992.3
2024-10-26 00:00:00,5493.8
2024-10-26 01:00:00,5350.4
2024-10-26 02:00:00,5636.8
2024-10-26 03:00:00,5608.1
2024-10-26 04:00:00,5489.5
2024-10-26 05:00:00,5443.8
2024-10-26 06:00:00,5263.5
2024-10-26 07:00:00,4529.8
2024-10-26 08:00:00,4746.3
2024-10-26 09:00:00,5024.0
2024-10-26 10:00:00,5940.3
2024-10-26 11:00:00,6574.0
2024-10-26 12:00:00,6824.5
2024-10-26 13:00:00,7069.8
2024-10-26 14:00:00,6886.7
2024-10-26 15:00:00,7105.3
2024-10-26 16:00:00,6802.4
2024-10-26 17:00:00,6456.0
2024-10-26 18:00:00,5473.6
2024-10-26 19:00:00,5865.4
2024-10-26 20:00:00,6341.0
2024-10-26 21:00:00,6326.5
2024-10-26 22:00:00,5916.3
2024-10-26 23:00:00,5446.0
2024-10-27 00:00:00,4901.0
2024-10-27 01:00:00,4551.0
2024-10-27 02:00:00,4318.9
2024-10-27 03:00:00,4230.6
2024-10-27 04:00:00,4063.2
2024-10-27 05:00:00,3973.9
2024-10-27 06:00:00,3902.5
2024-10-27 07:00:00,3948.9
2024-10-27 08:00:00,4066.1
2024-10-27 09:00:00,4175.8
2024-10-27 10:00:00,4432.9
2024-10-27 11:00:00,5604.1
2024-10-27 12:00:00,6138.0
2024-10-27 13:00:00,6657.3
2024-10-27 14:00:00,6584.1
2024-10-27 15:00:00,5938.3
2024-10-27 16:00:00,6022.0
2024-10-27 17:00:00,4944.8
2024-10-27 18:00:00,4996.3
2024-10-27 19:00:00,5265.0
2024-10-27 20:00:00,5673.0
2024-10-27 21:00:00,5921.1
2024-10-27 22:00:00,5911.9
2024-10-27 23:00:00,5636.5
2024-10-28 00:00:00,5016.8
2024-10-28 01:00:00,5148.1
2024-10-28 02:00:00,4990.9
2024-10-28 03:00:00,5193.1
2024-10-28 04:00:00,5105.9
2024-10-28 05:00:00,4667.2
2024-10-28 06:00:00,4288.1
2024-10-28 07:00:00,4772.3
2024-10-28 08:00:00,5429.5
2024-10-28 09:00:00,6201.3
2024-10-28 10:00:00,6443.9
2024-10-28 11:00:00,6815.4
2024-10-28 12:00:00,6982.5
2024-10-28 13:00:00,6768.3
2024-10-28 14:00:00,6646.2
2024-10-28 15:00:00,6698.8
2024-10-28 16:00:00,6429.7
2024-10-28 17:00:00,6348.8
2024-10-28 18:00:00,6452.0
2024-10-28 19:00:00,6721.6
2024-10-28 20:00:00,7130.1
2024-10-28 21:00:00,6958.9
2024-10-28 22:00:00,6536.0
2024-10-28 23:00:00,6111.9
2024-10-29 00:00:00,5497.9
2024-10-29 01:00:00,5977.7
2024-10-29 02:00:00,5865.7
2024-10-29 03:00:00,5958.8
2024-10-29 04:00:00,5887.3
2024-10-29 05:00:00,5520.6
2024-10-29 06:00:00,4656.6
2024-10-29 07:00:00,5105.5
2024-10-29 08:00:00,5815.2
2024-10-29 09:00:00,6567.7
2024-10-29 10:00:00,6785.0
2024-10-29 11:00:00,6688.0
2024-10-29 12:00:00,6691.1
2024-10-29 13:00:00,6557.6
2024-10-29 14:00:00,6465.2
2024-10-29 15:00:00,6651.1
2024-10-29 16:00:00,6715.6
2024-10-29 17:00:00,6731.5
2024-10-29 18:00:00,6825.6
2024-10-29 19:00:00,6994.0
2024-10-29 20:00:00,7367.9
2024-10-29 21:00:00,7228.4
2024-10-29 22:00:00,6849.1
2024-10-29 23:00:00,6290.5
2024-10-30 00:00:00,6504.5
2024-10-30 01:00:00,6098.5
2024-10-30 02:00:00,5944.0
2024-10-30 03:00:00,6208.9
2024-10-30 04:00:00,6037.4
2024-10-30 05:00:00,5569.7
2024-10-30 06:00:00,5243.4
2024-10-30 07:00:00,5085.7
2024-10-30 08:00:00,5677.2
2024-10-30 09:00:00,6491.4
2024-10-30 10:00:00,6803.9
2024-10-30 11:00:00,6758.4
2024-10-30 12:00:00,6803.1
2024-10-30 13:00:00,6824.5
2024-10-30 14:00:00,6517.1
2024-10-30 15:00:00,6728.1
2024-10-30 16:00:00,6704.4
2024-10-30 17:00:00,6695.8
2024-10-30 18:00:00,6763.8
2024-10-30 19:00:00,7010.2
2024-10-30 20:00:00,7384.8
2024-10-30 21:00:00,7199.1
2024-10-30 22:00:00,6639.1
2024-10-30 23:00:00,6170.8
2024-10-31 00:00:00,5571.3
2024-10-31 01:00:00,5103.0
2024-10-31 02:00:00,5005.0
2024-10-31 03:00:00,4833.0
2024-10-31 04:00:00,4891.7
2024-10-31 05:00:00,4616.9
2024-10-31 06:00:00,4593.1
2024-10-31 07:00:00,4960.6
2024-10-31 08:00:00,5587.1
2024-10-31 09:00:00,6370.3
2024-10-31 10:00:00,6596.0
2024-10-31 11:00:00,6530.3
2024-10-31 12:00:00,6590.2
2024-10-31 13:00:00,6491.5
2024-10-31 14:00:00,6420.5
2024-10-31 15:00:00,6507.3
2024-10-31 16:00:00,6532.8
2024-10-31 17:00:00,6590.7
2024-10-31 18:00:00,6704.5
2024-10-31 19:00:00,7094.4
2024-10-31 20:00:00,7311.2
2024-10-31 21:00:00,7138.1
2024-10-31 22:00:00,6601.1
2024-10-31 23:00:00,6113.9
2024-11-01 00:00:00,5442.8
2024-11-01 01:00:00,4888.8
2024-11-01 02:00:00,4694.0
2024-11-01 03:00:00,4939.7
2024-11-01 04:00:00,4967.1
2024-11-01 05:00:00,4353.9
2024-11-01 06:00:00,4383.2
2024-11-01 07:00:00,4530.6
2024-11-01 08:00:00,4808.0
2024-11-01 09:00:00,6091.0
2024-11-01 10:00:00,6360.1
2024-11-01 11:00:00,7110.0
2024-11-01 12:00:00,7476.3
2024-11-01 13:00:00,7477.4
2024-11-01 14:00:00,6682.2
2024-11-01 15:00:00,6310.4
2024-11-01 16:00:00,5419.9
2024-11-01 17:00:00,5473.1
2024-11-01 18:00:00,5662.3
2024-11-01 19:00:00,6070.6
2024-11-01 20:00:00,6275.8
2024-11-01 21:00:00,6191.1
2024-11-01 22:00:00,5784.8
2024-11-01 23:00:00,5413.7
2024-11-02 00:00:00,5174.9
2024-11-02 01:00:00,4831.1
2024-11-02 02:00:00,4534.0
2024-11-02 03:00:00,4364.7
2024-11-02 04:00:00,4245.1
2024-11-02 05:00:00,4168.9
2024-11-02 06:00:00,4185.3
2024-11-02 07:00:00,4289.1
2024-11-02 08:00:00,4481.2
2024-11-02 09:00:00,4918.8
2024-11-02 10:00:00,5225.2
2024-11-02 11:00:00,6346.4
2024-11-02 12:00:00,6142.9
2024-11-02 13:00:00,6535.8
2024-11-02 14:00:00,6374.0
2024-11-02 15:00:00,6264.3
2024-11-02 16:00:00,5197.7
2024-11-02 17:00:00,5227.5
2024-11-02 18:00:00,5393.0
2024-11-02 19:00:00,5846.1
2024-11-02 20:00:00,6087.8
2024-11-02 21:00:00,6051.4
2024-11-02 22:00:00,5593.2
2024-11-02 23:00:00,5138.8
2024-11-03 00:00:00,4772.0
2024-11-03 01:00:00,4547.8
2024-11-03 02:00:00,4270.4
2024-11-03 03:00:00,4058.3
2024-11-03 04:00:00,4876.8
2024-11-03 05:00:00,4820.7
2024-11-03 06:00:00,3939.5
2024-11-03 07:00:00,4073.2
2024-11-03 08:00:00,4534.6
2024-11-03 09:00:00,6049.1
2024-11-03 10:00:00,7012.3
2024-11-03 11:00:00,7524.7
2024-11-03 12:00:00,7762.9
2024-11-03 13:00:00,7886.2
2024-11-03 14:00:00,7716.4
2024-11-03 15:00:00,7230.7
2024-11-03 16:00:00,5853.6
2024-11-03 17:00:00,4937.9
2024-11-03 18:00:00,5268.8
2024-11-03 19:00:00,5726.2
2024-11-03 20:00:00,6073.4
2024-11-03 21:00:00,6114.2
2024-11-03 22:00:00,5777.3
2024-11-03 23:00:00,5362.5
2024-11-04 00:00:00,4939.6
2024-11-04 01:00:00,4789.5
2024-11-04 02:00:00,4569.3
2024-11-04 03:00:00,5203.3
2024-11-04 04:00:00,5131.1
2024-11-04 05:00:00,4465.9
2024-11-04 06:00:00,4213.4
2024-11-04 07:00:00,4630.3
2024-11-04 08:00:00,5314.1
2024-11-04 09:00:00,6137.0
2024-11-04 10:00:00,6430.9
2024-11-04 11:00:00,6443.4
2024-11-04 12:00:00,6526.7
2024-11-04 13:00:00,6392.9
2024-11-04 14:00:00,6322.0
2024-11-04 15:00:00,6480.6
2024-11-04 16:00:00,6525.1
2024-11-04 17:00:00,6490.6
2024-11-04 18:00:00,6264.2
2024-11-04 19:00:00,6569.9
2024-11-04 20:00:00,6789.6
2024-11-04 21:00:00,6587.5
2024-11-04 22:00:00,6546.6
2024-11-04 23:00:00,6035.2
2024-11-05 00:00:00,5478.8
2024-11-05 01:00:00,4997.8
2024-11-05 02:00:00,5461.8
2024-11-05 03:00:00,4962.4
2024-11-05 04:00:00,4629.0
2024-11-05 05:00:00,4453.6
2024-11-05 06:00:00,4574.5
2024-11-05 07:00:00,4867.2
2024-11-05 08:00:00,5491.0
2024-11-05 09:00:00,6306.8
2024-11-05 10:00:00,6575.9
2024-11-05 11:00:00,6599.1
2024-11-05 12:00:00,6653.1
2024-11-05 13:00:00,6490.0
2024-11-05 14:00:00,6414.1
2024-11-05 15:00:00,6211.2
2024-11-05 16:00:00,6210.7
2024-11-05 17:00:00,6317.3
2024-11-05 18:00:00,6405.0
2024-11-05 19:00:00,6732.0
2024-11-05 20:00:00,6934.6
2024-11-05 21:00:00,6708.7
2024-11-05 22:00:00,6315.9
2024-11-05 23:00:00,5722.7
2024-11-06 00:00:00,4731.9
2024-11-06 01:00:00,4401.6
2024-11-06 02:00:00,4123.1
2024-11-06 03:00:00,3923.3
2024-11-06 04:00:00,3845.2
2024-11-06 05:00:00,3821.9
2024-11-06 06:00:00,3894.4
2024-11-06 07:00:00,4292.1
2024-11-06 08:00:00,4847.4
2024-11-06 09:00:00,5665.1
2024-11-06 10:00:00,5927.7
2024-11-06 11:00:00,7062.6
2024-11-06 12:00:00,7164.6
2024-11-06 13:00:00,7014.7
2024-11-06 14:00:00,7080.7
2024-11-06 15:00:00,6841.4
2024-11-06 16:00:00,6159.8
2024-11-06 17:00:00,5939.6
2024-11-06 18:00:00,6115.3
2024-11-06 19:00:00,6456.7
2024-11-06 20:00:00,6588.8
2024-11-06 21:00:00,6364.2
2024-11-06 22:00:00,5975.8
2024-11-06 23:00:00,5393.3
2024-11-07 00:00:00,5383.8
2024-11-07 01:00:00,4980.6
2024-11-07 02:00:00,4694.0
2024-11-07 03:00:00,4506.9
2024-11-07 04:00:00,4420.3
2024-11-07 05:00:00,4409.1
2024-11-07 06:00:00,4503.2
2024-11-07 07:00:00,4912.1
2024-11-07 08:00:00,5534.1
2024-11-07 09:00:00,6342.1
2024-11-07 10:00:00,6589.7
2024-11-07 11:00:00,6569.1
2024-11-07 12:00:00,6743.8
2024-11-07 13:00:00,6680.5
2024-11-07 14:00:00,6497.0
2024-11-07 15:00:00,6677.9
2024-11-07 16:00:00,6666.8
2024-11-07 17:00:00,6307.9
2024-11-07 18:00:00,6408.2
2024-11-07 19:00:00,6779.3
2024-11-07 20:00:00,6949.4
2024-11-07 21:00:00,6735.4
2024-11-07 22:00:00,6203.5
2024-11-07 23:00:00,5637.6
2024-11-08 00:00:00,5036.6
2024-11-08 01:00:00,4585.2
2024-11-08 02:00:00,4329.9
2024-11-08 03:00:00,4148.6
2024-11-08 04:00:00,4078.6
2024-11-08 05:00:00,3995.8
2024-11-08 06:00:00,4104.6
2024-11-08 07:00:00,4505.3
2024-11-08 08:00:00,5103.4
2024-11-08 09:00:00,5910.2
2024-11-08 10:00:00,6526.6
2024-11-08 11:00:00,6526.0
2024-11-08 12:00:00,6695.2
2024-11-08 13:00:00,6545.4
2024-11-08 14:00:00,6408.0
2024-11-08 15:00:00,6494.2
2024-11-08 16:00:00,6123.4
2024-11-08 17:00:00,6154.9
2024-11-08 18:00:00,6317.1
2024-11-08 19:00:00,6631.3
2024-11-08 20:00:00,6800.6
2024-11-08 21:00:00,6579.3
2024-11-08 22:00:00,6130.4
2024-11-08 23:00:00,5563.7
2024-11-09 00:00:00,5350.7
2024-11-09 01:00:00,4966.0
2024-11-09 02:00:00,4665.8
2024-11-09 03:00:00,4471.7
2024-11-09 04:00:00,4358.9
2024-11-09 05:00:00,4303.4
2024-11-09 06:00:00,4312.5
2024-11-09 07:00:00,4411.0
2024-11-09 08:00:00,4608.7
2024-11-09 09:00:00,5029.1
2024-11-09 10:00:00,5322.1
2024-11-09 11:00:00,5486.1
2024-11-09 12:00:00,5606.9
2024-11-09 13:00:00,5673.8
2024-11-09 14:00:00,5507.7
2024-11-09 15:00:00,5402.7
2024-11-09 16:00:00,5360.3
2024-11-09 17:00:00,5413.7
2024-11-09 18:00:00,5688.1
2024-11-09 19:00:00,6106.3
2024-11-09 20:00:00,6271.4
2024-11-09 21:00:00,6137.6
2024-11-09 22:00:00,5696.4
2024-11-09 23:00:00,5298.3
2024-11-10 00:00:00,4896.3
2024-11-10 01:00:00,4513.3
2024-11-10 02:00:00,4233.3
2024-11-10 03:00:00,4080.3
2024-11-10 04:00:00,3973.4
2024-11-10 05:00:00,3930.1
2024-11-10 06:00:00,3915.7
2024-11-10 07:00:00,3969.7
2024-11-10 08:00:00,4037.2
2024-11-10 09:00:00,4978.4
2024-11-10 10:00:00,6034.6
2024-11-10 11:00:00,6438.8
2024-11-10 12:00:00,7037.7
2024-11-10 13:00:00,6883.0
2024-11-10 14:00:00,6959.3
2024-11-10 15:00:00,6531.5
2024-11-10 16:00:00,5027.2
2024-11-10 17:00:00,5012.8
2024-11-10 18:00:00,5127.5
2024-11-10 19:00:00,5683.9
2024-11-10 20:00:00,5721.5
2024-11-10 21:00:00,5571.6
2024-11-10 22:00:00,5351.8
2024-11-10 23:00:00,4955.1
2024-11-11 00:00:00,4884.6
2024-11-11 01:00:00,4568.4
2024-11-11 02:00:00,4293.2
2024-11-11 03:00:00,4243.6
2024-11-11 04:00:00,4168.3
2024-11-11 05:00:00,4099.9
2024-11-11 06:00:00,4282.5
2024-11-11 07:00:00,4658.2
2024-11-11 08:00:00,5320.8
2024-11-11 09:00:00,6195.4
2024-11-11 10:00:00,7081.6
2024-11-11 11:00:00,8144.6
2024-11-11 12:00:00,8502.2
2024-11-11 13:00:00,8466.4
2024-11-11 14:00:00,8405.1
2024-11-11 15:00:00,8203.7
2024-11-11 16:00:00,7654.9
2024-11-11 17:00:00,6541.4
2024-11-11 18:00:00,6426.2
2024-11-11 19:00:00,6771.5
2024-11-11 20:00:00,6891.3
2024-11-11 21:00:00,6686.9
2024-11-11 22:00:00,6638.7
2024-11-11 23:00:00,6238.6
2024-11-12 00:00:00,6494.1
2024-11-12 01:00:00,6087.6
2024-11-12 02:00:00,5805.3
2024-11-12 03:00:00,5624.2
2024-11-12 04:00:00,5531.9
2024-11-12 05:00:00,5509.9
2024-11-12 06:00:00,5585.2
2024-11-12 07:00:00,5027.2
2024-11-12 08:00:00,5657.3
2024-11-12 09:00:00,7422.1
2024-11-12 10:00:00,8238.0
2024-11-12 11:00:00,8161.2
2024-11-12 12:00:00,8468.7
2024-11-12 13:00:00,8327.9
2024-11-12 14:00:00,8284.1
2024-11-12 15:00:00,8110.6
2024-11-12 16:00:00,7749.2
2024-11-12 17:00:00,6766.6
2024-11-12 18:00:00,6698.5
2024-11-12 19:00:00,7013.2
2024-11-12 20:00:00,7167.6
2024-11-12 21:00:00,6855.0
2024-11-12 22:00:00,6838.4
2024-11-12 23:00:00,6267.2
2024-11-13 00:00:00,5506.8
2024-11-13 01:00:00,5159.5
2024-11-13 02:00:00,4884.4
2024-11-13 03:00:00,4690.8
2024-11-13 04:00:00,4624.5
2024-11-13 05:00:00,4598.1
2024-11-13 06:00:00,4695.2
2024-11-13 07:00:00,5003.3
2024-11-13 08:00:00,5627.6
2024-11-13 09:00:00,6413.7
2024-11-13 10:00:00,6532.6
2024-11-13 11:00:00,6406.5
2024-11-13 12:00:00,7146.8
2024-11-13 13:00:00,6763.1
2024-11-13 14:00:00,6451.4
2024-11-13 15:00:00,6574.2
2024-11-13 16:00:00,6664.4
2024-11-13 17:00:00,6610.1
2024-11-13 18:00:00,6669.2
2024-11-13 19:00:00,7013.9
2024-11-13 20:00:00,7166.8
2024-11-13 21:00:00,6933.8
2024-11-13 22:00:00,6446.9
2024-11-13 23:00:00,5951.9
2024-11-14 00:00:00,5747.9
2024-11-14 01:00:00,5458.6
2024-11-14 02:00:00,5592.1
2024-11-14 03:00:00,4988.5
2024-11-14 04:00:00,4812.4
2024-11-14 05:00:00,4614.2
2024-11-14 06:00:00,4733.3
2024-11-14 07:00:00,5107.7
2024-11-14 08:00:00,5722.6
2024-11-14 09:00:00,6553.9
2024-11-14 10:00:00,6619.2
2024-11-14 11:00:00,6616.9
2024-11-14 12:00:00,6772.3
2024-11-14 13:00:00,6653.9
2024-11-14 14:00:00,6623.9
2024-11-14 15:00:00,6763.3
2024-11-14 16:00:00,6644.0
2024-11-14 17:00:00,6544.7
2024-11-14 18:00:00,6707.8
2024-11-14 19:00:00,7052.4
2024-11-14 20:00:00,7196.1
2024-11-14 21:00:00,6971.2
2024-11-14 22:00:00,6459.2
2024-11-14 23:00:00,6161.3
2024-11-15 00:00:00,5528.4
2024-11-15 01:00:00,5150.7
2024-11-15 02:00:00,4859.6
2024-11-15 03:00:00,4646.7
2024-11-15 04:00:00,4564.4
2024-11-15 05:00:00,4523.2
2024-11-15 06:00:00,4558.4
2024-11-15 07:00:00,4923.2
2024-11-15 08:00:00,5559.3
2024-11-15 09:00:00,6408.0
2024-11-15 10:00:00,6618.6
2024-11-15 11:00:00,6591.2
2024-11-15 12:00:00,6787.3
2024-11-15 13:00:00,6666.2
2024-11-15 14:00:00,6453.7
2024-11-15 15:00:00,6413.7
2024-11-15 16:00:00,6358.5
2024-11-15 17:00:00,6414.9
2024-11-15 18:00:00,6619.9
2024-11-15 19:00:00,6928.7
2024-11-15 20:00:00,7027.4
2024-11-15 21:00:00,6814.0
2024-11-15 22:00:00,6322.9
2024-11-15 23:00:00,6020.3
2024-11-16 00:00:00,5606.7
2024-11-16 01:00:00,5100.9
2024-11-16 02:00:00,4776.4
2024-11-16 03:00:00,5211.3
2024-11-16 04:00:00,5107.2
2024-11-16 05:00:00,5026.9
2024-11-16 06:00:00,4418.2
2024-11-16 07:00:00,4467.7
2024-11-16 08:00:00,4649.0
2024-11-16 09:00:00,5152.8
2024-11-16 10:00:00,5445.8
2024-11-16 11:00:00,5582.4
2024-11-16 12:00:00,5722.4
2024-11-16 13:00:00,5794.6
2024-11-16 14:00:00,5597.4
2024-11-16 15:00:00,5495.4
2024-11-16 16:00:00,5471.5
2024-11-16 17:00:00,5270.7
2024-11-16 18:00:00,5610.6
2024-11-16 19:00:00,6043.2
2024-11-16 20:00:00,6114.1
2024-11-16 21:00:00,5950.6
2024-11-16 22:00:00,5581.7
2024-11-16 23:00:00,5124.7
2024-11-17 00:00:00,5083.2
2024-11-17 01:00:00,4749.4
2024-11-17 02:00:00,4444.9
2024-11-17 03:00:00,4191.3
2024-11-17 04:00:00,4067.0
2024-11-17 05:00:00,3997.6
2024-11-17 06:00:00,4009.9
2024-11-17 07:00:00,4073.4
2024-11-17 08:00:00,4155.1
2024-11-17 09:00:00,5124.8
2024-11-17 10:00:00,5858.5
2024-11-17 11:00:00,6091.3
2024-11-17 12:00:00,6377.6
2024-11-17 13:00:00,6561.1
2024-11-17 14:00:00,6191.6
2024-11-17 15:00:00,5773.6
2024-11-17 16:00:00,5080.4
2024-11-17 17:00:00,4898.9
2024-11-17 18:00:00,5232.9
2024-11-17 19:00:00,5777.4
2024-11-17 20:00:00,6071.9
2024-11-17 21:00:00,5981.4
2024-11-17 22:00:00,5582.7
2024-11-17 23:00:00,5187.2
2024-11-18 00:00:00,4755.8
2024-11-18 01:00:00,4312.0
2024-11-18 02:00:00,4027.4
2024-11-18 03:00:00,3865.0
2024-11-18 04:00:00,3790.8
2024-11-18 05:00:00,3725.4
2024-11-18 06:00:00,3860.8
2024-11-18 07:00:00,4288.4
2024-11-18 08:00:00,4966.8
2024-11-18 09:00:00,5822.1
2024-11-18 10:00:00,6334.7
2024-11-18 11:00:00,6234.3
2024-11-18 12:00:00,6377.1
2024-11-18 13:00:00,6248.0
2024-11-18 14:00:00,6221.2
2024-11-18 15:00:00,6461.7
2024-11-18 16:00:00,6225.7
2024-11-18 17:00:00,6374.6
2024-11-18 18:00:00,6609.7
2024-11-18 19:00:00,6965.9
2024-11-18 20:00:00,7092.8
2024-11-18 21:00:00,6876.4
2024-11-18 22:00:00,6391.2
2024-11-18 23:00:00,5831.4
2024-11-19 00:00:00,5140.9
2024-11-19 01:00:00,4701.4
2024-11-19 02:00:00,4368.0
2024-11-19 03:00:00,4208.9
2024-11-19 04:00:00,4138.5
2024-11-19 05:00:00,4074.0
2024-11-19 06:00:00,4165.8
2024-11-19 07:00:00,4636.4
2024-11-19 08:00:00,5311.4
2024-11-19 09:00:00,6076.5
2024-11-19 10:00:00,6530.4
2024-11-19 11:00:00,6456.2
2024-11-19 12:00:00,6614.6
2024-11-19 13:00:00,6460.2
2024-11-19 14:00:00,6589.7
2024-11-19 15:00:00,6636.5
2024-11-19 16:00:00,6364.6
2024-11-19 17:00:00,6474.3
2024-11-19 18:00:00,6687.5
2024-11-19 19:00:00,7097.0
2024-11-19 20:00:00,7236.9
2024-11-19 21:00:00,6985.4
2024-11-19 22:00:00,6477.5
2024-11-19 23:00:00,6167.2
2024-11-20 00:00:00,5621.9
2024-11-20 01:00:00,5566.1
2024-11-20 02:00:00,5665.2
2024-11-20 03:00:00,5450.3
2024-11-20 04:00:00,5289.6
2024-11-20 05:00:00,5263.7
2024-11-20 06:00:00,4656.4
2024-11-20 07:00:00,5059.0
2024-11-20 08:00:00,5683.3
2024-11-20 09:00:00,6509.0
2024-11-20 10:00:00,6777.0
2024-11-20 11:00:00,7352.4
2024-11-20 12:00:00,7562.9
2024-11-20 13:00:00,7666.3
2024-11-20 14:00:00,7893.3
2024-11-20 15:00:00,7846.6
2024-11-20 16:00:00,6930.5
2024-11-20 17:00:00,6590.8
2024-11-20 18:00:00,6843.0
2024-11-20 19:00:00,7178.3
2024-11-20 20:00:00,7214.9
2024-11-20 21:00:00,6985.6
2024-11-20 22:00:00,6616.4
2024-11-20 23:00:00,6371.3
2024-11-21 00:00:00,5795.8
2024-11-21 01:00:00,5427.2
2024-11-21 02:00:00,6002.2
2024-11-21 03:00:00,5807.6
2024-11-21 04:00:00,5719.7
2024-11-21 05:00:00,5676.4
2024-11-21 06:00:00,5807.9
2024-11-21 07:00:00,5237.9
2024-11-21 08:00:00,5886.1
2024-11-21 09:00:00,6756.1
2024-11-21 10:00:00,7679.0
2024-11-21 11:00:00,8010.4
2024-11-21 12:00:00,8864.3
2024-11-21 13:00:00,8779.9
2024-11-21 14:00:00,8957.0
2024-11-21 15:00:00,8856.5
2024-11-21 16:00:00,8191.3
2024-11-21 17:00:00,7259.7
2024-11-21 18:00:00,6894.3
2024-11-21 19:00:00,7063.1
2024-11-21 20:00:00,7216.6
2024-11-21 21:00:00,7004.7
2024-11-21 22:00:00,7041.1
2024-11-21 23:00:00,6562.0
2024-11-22 00:00:00,5851.6
2024-11-22 01:00:00,6025.6
2024-11-22 02:00:00,5970.8
2024-11-22 03:00:00,5762.7
2024-11-22 04:00:00,5647.5
2024-11-22 05:00:00,4834.2
2024-11-22 06:00:00,4637.6
2024-11-22 07:00:00,4822.5
2024-11-22 08:00:00,5481.1
2024-11-22 09:00:00,6351.6
2024-11-22 10:00:00,6736.2
2024-11-22 11:00:00,6752.5
2024-11-22 12:00:00,6813.2
2024-11-22 13:00:00,6715.0
2024-11-22 14:00:00,6533.0
2024-11-22 15:00:00,6663.4
2024-11-22 16:00:00,6489.5
2024-11-22 17:00:00,6592.8
2024-11-22 18:00:00,6678.7
2024-11-22 19:00:00,6994.6
2024-11-22 20:00:00,7095.3
2024-11-22 21:00:00,6863.6
2024-11-22 22:00:00,6560.0
2024-11-22 23:00:00,6222.4
2024-11-23 00:00:00,5657.5
2024-11-23 01:00:00,5182.1
2024-11-23 02:00:00,4866.0
2024-11-23 03:00:00,4674.3
2024-11-23 04:00:00,4777.6
2024-11-23 05:00:00,5067.4
2024-11-23 06:00:00,4491.0
2024-11-23 07:00:00,4589.7
2024-11-23 08:00:00,4750.8
2024-11-23 09:00:00,5220.4
2024-11-23 10:00:00,6436.6
2024-11-23 11:00:00,7201.9
2024-11-23 12:00:00,7519.1
2024-11-23 13:00:00,7691.3
2024-11-23 14:00:00,7838.0
2024-11-23 15:00:00,7486.0
2024-11-23 16:00:00,6641.1
2024-11-23 17:00:00,6380.2
2024-11-23 18:00:00,6192.0
2024-11-23 19:00:00,6609.7
2024-11-23 20:00:00,6700.8
2024-11-23 21:00:00,6776.0
2024-11-23 22:00:00,6961.1
2024-11-23 23:00:00,7026.8
2024-11-24 00:00:00,6680.1
2024-11-24 01:00:00,6534.3
2024-11-24 02:00:00,6390.1
2024-11-24 03:00:00,6173.4
2024-11-24 04:00:00,6047.2
2024-11-24 05:00:00,5982.8
2024-11-24 06:00:00,5857.6
2024-11-24 07:00:00,5874.3
2024-11-24 08:00:00,6016.2
2024-11-24 09:00:00,6356.6
2024-11-24 10:00:00,6726.7
2024-11-24 11:00:00,7151.7
2024-11-24 12:00:00,7603.6
2024-11-24 13:00:00,7821.1
2024-11-24 14:00:00,7584.1
2024-11-24 15:00:00,7435.3
2024-11-24 16:00:00,7240.6
2024-11-24 17:00:00,7102.4
2024-11-24 18:00:00,6017.3
2024-11-24 19:00:00,6435.6
2024-11-24 20:00:00,6658.2
2024-11-24 21:00:00,6806.2
2024-11-24 22:00:00,7018.6
2024-11-24 23:00:00,7446.7
2024-11-25 00:00:00,6037.8
2024-11-25 01:00:00,6159.7
2024-11-25 02:00:00,6089.1
2024-11-25 03:00:00,5748.6
2024-11-25 04:00:00,5754.8
2024-11-25 05:00:00,5582.5
2024-11-25 06:00:00,5258.8
2024-11-25 07:00:00,4904.5
2024-11-25 08:00:00,5495.7
2024-11-25 09:00:00,6416.1
2024-11-25 10:00:00,6697.2
2024-11-25 11:00:00,6750.7
2024-11-25 12:00:00,6753.6
2024-11-25 13:00:00,6762.1
2024-11-25 14:00:00,6714.1
2024-11-25 15:00:00,6843.5
2024-11-25 16:00:00,6704.8
2024-11-25 17:00:00,6569.3
2024-11-25 18:00:00,6788.1
2024-11-25 19:00:00,7020.0
2024-11-25 20:00:00,7112.6
2024-11-25 21:00:00,6864.6
2024-11-25 22:00:00,6451.5
2024-11-25 23:00:00,6028.5
2024-11-26 00:00:00,5636.0
2024-11-26 01:00:00,5329.2
2024-11-26 02:00:00,5006.0
2024-11-26 03:00:00,4786.9
2024-11-26 04:00:00,4695.3
2024-11-26 05:00:00,4680.3
2024-11-26 06:00:00,4353.4
2024-11-26 07:00:00,4773.3
2024-11-26 08:00:00,5437.5
2024-11-26 09:00:00,6304.0
2024-11-26 10:00:00,6649.0
2024-11-26 11:00:00,6640.9
2024-11-26 12:00:00,6676.1
2024-11-26 13:00:00,6470.7
2024-11-26 14:00:00,6387.0
2024-11-26 15:00:00,6597.9
2024-11-26 16:00:00,6458.0
2024-11-26 17:00:00,6645.2
2024-11-26 18:00:00,6931.2
2024-11-26 19:00:00,7287.9
2024-11-26 20:00:00,7390.0
2024-11-26 21:00:00,7146.4
2024-11-26 22:00:00,6679.2
2024-11-26 23:00:00,6058.9
2024-11-27 00:00:00,5301.3
2024-11-27 01:00:00,4812.6
2024-11-27 02:00:00,4451.2
2024-11-27 03:00:00,4255.1
2024-11-27 04:00:00,4115.2
2024-11-27 05:00:00,4101.9
2024-11-27 06:00:00,4228.6
2024-11-27 07:00:00,4642.4
2024-11-27 08:00:00,5286.4
2024-11-27 09:00:00,6128.1
2024-11-27 10:00:00,6712.6
2024-11-27 11:00:00,6677.2
2024-11-27 12:00:00,6786.4
2024-11-27 13:00:00,6613.4
2024-11-27 14:00:00,6530.5
2024-11-27 15:00:00,6723.0
2024-11-27 16:00:00,6757.6
2024-11-27 17:00:00,6535.3
2024-11-27 18:00:00,6883.8
2024-11-27 19:00:00,7218.0
2024-11-27 20:00:00,7315.0
2024-11-27 21:00:00,7039.6
2024-11-27 22:00:00,6625.0
2024-11-27 23:00:00,5978.7
2024-11-28 00:00:00,5790.0
2024-11-28 01:00:00,5299.8
2024-11-28 02:00:00,4931.3
2024-11-28 03:00:00,4710.7
2024-11-28 04:00:00,4603.0
2024-11-28 05:00:00,4620.4
2024-11-28 06:00:00,4382.3
2024-11-28 07:00:00,4785.4
2024-11-28 08:00:00,5425.7
2024-11-28 09:00:00,6317.7
2024-11-28 10:00:00,6889.7
2024-11-28 11:00:00,7497.0
2024-11-28 12:00:00,7577.3
2024-11-28 13:00:00,7401.8
2024-11-28 14:00:00,7289.3
2024-11-28 15:00:00,6775.9
2024-11-28 16:00:00,6525.0
2024-11-28 17:00:00,6620.0
2024-11-28 18:00:00,6858.4
2024-11-28 19:00:00,7155.8
2024-11-28 20:00:00,7247.2
2024-11-28 21:00:00,7076.3
2024-11-28 22:00:00,6673.9
2024-11-28 23:00:00,6026.7
2024-11-29 00:00:00,5680.4
2024-11-29 01:00:00,5531.9
2024-11-29 02:00:00,5569.0
2024-11-29 03:00:00,5376.3
2024-11-29 04:00:00,5257.4
2024-11-29 05:00:00,5162.1
2024-11-29 06:00:00,4605.0
2024-11-29 07:00:00,4701.0
2024-11-29 08:00:00,5336.6
2024-11-29 09:00:00,6240.3
2024-11-29 10:00:00,6363.5
2024-11-29 11:00:00,6743.4
2024-11-29 12:00:00,7193.2
2024-11-29 13:00:00,7031.8
2024-11-29 14:00:00,6830.5
2024-11-29 15:00:00,6441.6
2024-11-29 16:00:00,6425.9
2024-11-29 17:00:00,6543.5
2024-11-29 18:00:00,6864.9
2024-11-29 19:00:00,7148.3
2024-11-29 20:00:00,7254.0
2024-11-29 21:00:00,7040.1
2024-11-29 22:00:00,6619.9
2024-11-29 23:00:00,5943.3
2024-11-30 00:00:00,5249.1
2024-11-30 01:00:00,4776.5
2024-11-30 02:00:00,4801.1
2024-11-30 03:00:00,4534.9
2024-11-30 04:00:00,4412.6
2024-11-30 05:00:00,4331.4
2024-11-30 06:00:00,4309.6
2024-11-30 07:00:00,4498.5
2024-11-30 08:00:00,4661.4
2024-11-30 09:00:00,5110.3
2024-11-30 10:00:00,6071.1
2024-11-30 11:00:00,6194.3
2024-11-30 12:00:00,6293.8
2024-11-30 13:00:00,6383.4
2024-11-30 14:00:00,6224.1
2024-11-30 15:00:00,5649.4
2024-11-30 16:00:00,5559.3
2024-11-30 17:00:00,5305.5
2024-11-30 18:00:00,5802.1
2024-11-30 19:00:00,6207.6
2024-11-30 20:00:00,6299.7
2024-11-30 21:00:00,6224.3
2024-11-30 22:00:00,5773.7
2024-11-30 23:00:00,5634.3
2024-12-01 00:00:00,5021.7
2024-12-01 01:00:00,4701.8
2024-12-01 02:00:00,4404.5
2024-12-01 03:00:00,4245.1
2024-12-01 04:00:00,4259.9
2024-12-01 05:00:00,4142.0
2024-12-01 06:00:00,3917.5
2024-12-01 07:00:00,4079.0
2024-12-01 08:00:00,4135.8
2024-12-01 09:00:00,4452.6
2024-12-01 10:00:00,4848.1
2024-12-01 11:00:00,5377.1
2024-12-01 12:00:00,6051.4
2024-12-01 13:00:00,5644.1
2024-12-01 14:00:00,5433.3
2024-12-01 15:00:00,5286.9
2024-12-01 16:00:00,4789.7
2024-12-01 17:00:00,4829.0
2024-12-01 18:00:00,5356.3
2024-12-01 19:00:00,5776.2
2024-12-01 20:00:00,5970.8
2024-12-01 21:00:00,5868.4
2024-12-01 22:00:00,5541.9
2024-12-01 23:00:00,5074.8
2024-12-02 00:00:00,4911.0
2024-12-02 01:00:00,4536.4
2024-12-02 02:00:00,4235.7
2024-12-02 03:00:00,4062.5
2024-12-02 04:00:00,3992.8
2024-12-02 05:00:00,3992.4
2024-12-02 06:00:00,4150.2
2024-12-02 07:00:00,4328.9
2024-12-02 08:00:00,5061.9
2024-12-02 09:00:00,5913.6
2024-12-02 10:00:00,6181.2
2024-12-02 11:00:00,6089.2
2024-12-02 12:00:00,6120.3
2024-12-02 13:00:00,5975.9
2024-12-02 14:00:00,5926.7
2024-12-02 15:00:00,6154.3
2024-12-02 16:00:00,6238.3
2024-12-02 17:00:00,6447.7
2024-12-02 18:00:00,6826.4
2024-12-02 19:00:00,7104.8
2024-12-02 20:00:00,7215.1
2024-12-02 21:00:00,7007.2
2024-12-02 22:00:00,6547.2
2024-12-02 23:00:00,5937.6
2024-12-03 00:00:00,5693.9
2024-12-03 01:00:00,5133.5
2024-12-03 02:00:00,4810.4
2024-12-03 03:00:00,4603.0
2024-12-03 04:00:00,4523.9
2024-12-03 05:00:00,4109.5
2024-12-03 06:00:00,4196.9
2024-12-03 07:00:00,4641.3
2024-12-03 08:00:00,5341.0
2024-12-03 09:00:00,6206.1
2024-12-03 10:00:00,6453.4
2024-12-03 11:00:00,6787.0
2024-12-03 12:00:00,6771.3
2024-12-03 13:00:00,6628.7
2024-12-03 14:00:00,6519.7
2024-12-03 15:00:00,6731.2
2024-12-03 16:00:00,6442.6
2024-12-03 17:00:00,6618.5
2024-12-03 18:00:00,6944.5
2024-12-03 19:00:00,7208.0
2024-12-03 20:00:00,7303.2
2024-12-03 21:00:00,7096.6
2024-12-03 22:00:00,6637.4
2024-12-03 23:00:00,6403.0
2024-12-04 00:00:00,5611.6
2024-12-04 01:00:00,5230.1
2024-12-04 02:00:00,5522.0
2024-12-04 03:00:00,5354.6
2024-12-04 04:00:00,5251.6
2024-12-04 05:00:00,5210.4
2024-12-04 06:00:00,4622.1
2024-12-04 07:00:00,5115.1
2024-12-04 08:00:00,5852.6
2024-12-04 09:00:00,6707.0
2024-12-04 10:00:00,6989.6
2024-12-04 11:00:00,7264.3
2024-12-04 12:00:00,7243.5
2024-12-04 13:00:00,7113.7
2024-12-04 14:00:00,7028.6
2024-12-04 15:00:00,6924.4
2024-12-04 16:00:00,6734.6
2024-12-04 17:00:00,6657.8
2024-12-04 18:00:00,6987.5
2024-12-04 19:00:00,7251.9
2024-12-04 20:00:00,7354.3
2024-12-04 21:00:00,7126.2
2024-12-04 22:00:00,6647.6
2024-12-04 23:00:00,6093.7
2024-12-05 00:00:00,5435.6
2024-12-05 01:00:00,5086.6
2024-12-05 02:00:00,4850.9
2024-12-05 03:00:00,4621.8
2024-12-05 04:00:00,4534.8
2024-12-05 05:00:00,4513.3
2024-12-05 06:00:00,4615.0
2024-12-05 07:00:00,5230.2
2024-12-05 08:00:00,5959.2
2024-12-05 09:00:00,6780.8
2024-12-05 10:00:00,6953.8
2024-12-05 11:00:00,7324.2
2024-12-05 12:00:00,7573.7
2024-12-05 13:00:00,7547.5
2024-12-05 14:00:00,7465.7
2024-12-05 15:00:00,7311.3
2024-12-05 16:00:00,6859.4
2024-12-05 17:00:00,6822.8
2024-12-05 18:00:00,7136.8
2024-12-05 19:00:00,7393.4
2024-12-05 20:00:00,7525.3
2024-12-05 21:00:00,7314.7
2024-12-05 22:00:00,6843.4
2024-12-05 23:00:00,6480.7
2024-12-06 00:00:00,5550.2
2024-12-06 01:00:00,5376.7
2024-12-06 02:00:00,5073.8
2024-12-06 03:00:00,4857.9
2024-12-06 04:00:00,5088.0
2024-12-06 05:00:00,5036.3
2024-12-06 06:00:00,4768.6
2024-12-06 07:00:00,5203.1
2024-12-06 08:00:00,5895.5
2024-12-06 09:00:00,6763.3
2024-12-06 10:00:00,7076.6
2024-12-06 11:00:00,7081.0
2024-12-06 12:00:00,7135.0
2024-12-06 13:00:00,6954.8
2024-12-06 14:00:00,6873.1
2024-12-06 15:00:00,7063.5
2024-12-06 16:00:00,7053.4
2024-12-06 17:00:00,6755.5
2024-12-06 18:00:00,6882.4
2024-12-06 19:00:00,7132.3
2024-12-06 20:00:00,7271.3
2024-12-06 21:00:00,7031.0
2024-12-06 22:00:00,6676.0
2024-12-06 23:00:00,6153.5
2024-12-07 00:00:00,5862.9
2024-12-07 01:00:00,5316.6
2024-12-07 02:00:00,4945.0
2024-12-07 03:00:00,4784.3
2024-12-07 04:00:00,5294.4
2024-12-07 05:00:00,5664.9
2024-12-07 06:00:00,5381.6
2024-12-07 07:00:00,5373.9
2024-12-07 08:00:00,4942.4
2024-12-07 09:00:00,5380.3
2024-12-07 10:00:00,6905.6
2024-12-07 11:00:00,7656.8
2024-12-07 12:00:00,7771.5
2024-12-07 13:00:00,7840.9
2024-12-07 14:00:00,7701.3
2024-12-07 15:00:00,7673.1
2024-12-07 16:00:00,7695.1
2024-12-07 17:00:00,6390.2
2024-12-07 18:00:00,6408.5
2024-12-07 19:00:00,6763.9
2024-12-07 20:00:00,6872.6
2024-12-07 21:00:00,6803.7
2024-12-07 22:00:00,6986.9
2024-12-07 23:00:00,6570.3
2024-12-08 00:00:00,6016.8
2024-12-08 01:00:00,5959.1
2024-12-08 02:00:00,5934.1
2024-12-08 03:00:00,5762.2
2024-12-08 04:00:00,5717.1
2024-12-08 05:00:00,5655.9
2024-12-08 06:00:00,5667.2
2024-12-08 07:00:00,5629.9
2024-12-08 08:00:00,5688.8
2024-12-08 09:00:00,6107.5
2024-12-08 10:00:00,7090.1
2024-12-08 11:00:00,7857.2
2024-12-08 12:00:00,8161.0
2024-12-08 13:00:00,8369.0
2024-12-08 14:00:00,8158.1
2024-12-08 15:00:00,8018.4
2024-12-08 16:00:00,7129.1
2024-12-08 17:00:00,6243.8
2024-12-08 18:00:00,6080.1
2024-12-08 19:00:00,6396.1
2024-12-08 20:00:00,6534.9
2024-12-08 21:00:00,6714.2
2024-12-08 22:00:00,6492.3
2024-12-08 23:00:00,6027.5
2024-12-09 00:00:00,5589.4
2024-12-09 01:00:00,5821.7
2024-12-09 02:00:00,5472.3
2024-12-09 03:00:00,5263.0
2024-12-09 04:00:00,5400.3
2024-12-09 05:00:00,5169.9
2024-12-09 06:00:00,4509.9
2024-12-09 07:00:00,5047.5
2024-12-09 08:00:00,5845.2
2024-12-09 09:00:00,6743.7
2024-12-09 10:00:00,7703.6
2024-12-09 11:00:00,7593.3
2024-12-09 12:00:00,7614.8
2024-12-09 13:00:00,7496.8
2024-12-09 14:00:00,7568.8
2024-12-09 15:00:00,7543.1
2024-12-09 16:00:00,6890.6
2024-12-09 17:00:00,6992.2
2024-12-09 18:00:00,7350.4
2024-12-09 19:00:00,7590.0
2024-12-09 20:00:00,7686.9
2024-12-09 21:00:00,7501.7
2024-12-09 22:00:00,7175.7
2024-12-09 23:00:00,6747.2
2024-12-10 00:00:00,6074.7
2024-12-10 01:00:00,5535.0
2024-12-10 02:00:00,5279.1
2024-12-10 03:00:00,5033.9
2024-12-10 04:00:00,4802.8
2024-12-10 05:00:00,4766.3
2024-12-10 06:00:00,4571.2
2024-12-10 07:00:00,5071.2
2024-12-10 08:00:00,5809.6
2024-12-10 09:00:00,6689.8
2024-12-10 10:00:00,6955.6
2024-12-10 11:00:00,6900.1
2024-12-10 12:00:00,7192.5
2024-12-10 13:00:00,7080.6
2024-12-10 14:00:00,7014.4
2024-12-10 15:00:00,6925.3
2024-12-10 16:00:00,7038.0
2024-12-10 17:00:00,7063.7
2024-12-10 18:00:00,7421.8
2024-12-10 19:00:00,7711.0
2024-12-10 20:00:00,7895.5
2024-12-10 21:00:00,7717.6
2024-12-10 22:00:00,7235.6
2024-12-10 23:00:00,6567.4
2024-12-11 00:00:00,6193.3
2024-12-11 01:00:00,5503.0
2024-12-11 02:00:00,5070.8
2024-12-11 03:00:00,4834.5
2024-12-11 04:00:00,4705.9
2024-12-11 05:00:00,4656.7
2024-12-11 06:00:00,4152.9
2024-12-11 07:00:00,4701.2
2024-12-11 08:00:00,5493.3
2024-12-11 09:00:00,6356.7
2024-12-11 10:00:00,7192.0
2024-12-11 11:00:00,7120.9
2024-12-11 12:00:00,7117.6
2024-12-11 13:00:00,6930.8
2024-12-11 14:00:00,6844.9
2024-12-11 15:00:00,7110.7
2024-12-11 16:00:00,6591.9
2024-12-11 17:00:00,6800.6
2024-12-11 18:00:00,7266.1
2024-12-11 19:00:00,7648.7
2024-12-11 20:00:00,7866.0
2024-12-11 21:00:00,7692.4
2024-12-11 22:00:00,7200.5
2024-12-11 23:00:00,7126.9
2024-12-12 00:00:00,6524.1
2024-12-12 01:00:00,5987.3
2024-12-12 02:00:00,5627.5
2024-12-12 03:00:00,5356.8
2024-12-12 04:00:00,5255.8
2024-12-12 05:00:00,5088.0
2024-12-12 06:00:00,4437.8
2024-12-12 07:00:00,4890.8
2024-12-12 08:00:00,5759.7
2024-12-12 09:00:00,6656.0
2024-12-12 10:00:00,6857.5
2024-12-12 11:00:00,7427.6
2024-12-12 12:00:00,7438.3
2024-12-12 13:00:00,7244.1
2024-12-12 14:00:00,7158.6
2024-12-12 15:00:00,6783.7
2024-12-12 16:00:00,6847.9
2024-12-12 17:00:00,7004.4
2024-12-12 18:00:00,7437.6
2024-12-12 19:00:00,7804.4
2024-12-12 20:00:00,8000.8
2024-12-12 21:00:00,7834.7
2024-12-12 22:00:00,7349.2
2024-12-12 23:00:00,6650.6
2024-12-13 00:00:00,6533.2
2024-12-13 01:00:00,5915.4
2024-12-13 02:00:00,5580.7
2024-12-13 03:00:00,5298.2
2024-12-13 04:00:00,5160.5
2024-12-13 05:00:00,4964.3
2024-12-13 06:00:00,4921.7
2024-12-13 07:00:00,4707.2
2024-12-13 08:00:00,5496.1
2024-12-13 09:00:00,6394.6
2024-12-13 10:00:00,6716.6
2024-12-13 11:00:00,6743.5
2024-12-13 12:00:00,6984.6
2024-12-13 13:00:00,6814.9
2024-12-13 14:00:00,6742.2
2024-12-13 15:00:00,6956.8
2024-12-13 16:00:00,6809.8
2024-12-13 17:00:00,6948.8
2024-12-13 18:00:00,7292.5
2024-12-13 19:00:00,7646.2
2024-12-13 20:00:00,7836.4
2024-12-13 21:00:00,7607.8
2024-12-13 22:00:00,7131.3
2024-12-13 23:00:00,6645.4
2024-12-14 00:00:00,5732.9
2024-12-14 01:00:00,5262.2
2024-12-14 02:00:00,5124.4
2024-12-14 03:00:00,4887.6
2024-12-14 04:00:00,4780.6
2024-12-14 05:00:00,4674.9
2024-12-14 06:00:00,4702.5
2024-12-14 07:00:00,4934.0
2024-12-14 08:00:00,5191.1
2024-12-14 09:00:00,5624.4
2024-12-14 10:00:00,6004.1
2024-12-14 11:00:00,6750.1
2024-12-14 12:00:00,6947.9
2024-12-14 13:00:00,7024.7
2024-12-14 14:00:00,6863.5
2024-12-14 15:00:00,6693.1
2024-12-14 16:00:00,5693.8
2024-12-14 17:00:00,5858.5
2024-12-14 18:00:00,6456.1
2024-12-14 19:00:00,6922.0
2024-12-14 20:00:00,7174.8
2024-12-14 21:00:00,6978.7
2024-12-14 22:00:00,6527.8
2024-12-14 23:00:00,6280.1
2024-12-15 00:00:00,5911.3
2024-12-15 01:00:00,5587.4
2024-12-15 02:00:00,5597.0
2024-12-15 03:00:00,5269.0
2024-12-15 04:00:00,5095.1
2024-12-15 05:00:00,4996.9
2024-12-15 06:00:00,5022.0
2024-12-15 07:00:00,5182.3
2024-12-15 08:00:00,5378.2
2024-12-15 09:00:00,5740.1
2024-12-15 10:00:00,6364.1
2024-12-15 11:00:00,6776.5
2024-12-15 12:00:00,6898.1
2024-12-15 13:00:00,7022.2
2024-12-15 14:00:00,6904.9
2024-12-15 15:00:00,6896.5
2024-12-15 16:00:00,6454.6
2024-12-15 17:00:00,5909.2
2024-12-15 18:00:00,6524.6
2024-12-15 19:00:00,7089.4
2024-12-15 20:00:00,7458.2
2024-12-15 21:00:00,7336.8
2024-12-15 22:00:00,7071.3
2024-12-15 23:00:00,6532.3
2024-12-16 00:00:00,5878.7
2024-12-16 01:00:00,5376.0
2024-12-16 02:00:00,5031.3
2024-12-16 03:00:00,4772.8
2024-12-16 04:00:00,4694.1
2024-12-16 05:00:00,4758.1
2024-12-16 06:00:00,4391.2
2024-12-16 07:00:00,4945.4
2024-12-16 08:00:00,5793.3
2024-12-16 09:00:00,6748.2
2024-12-16 10:00:00,7421.0
2024-12-16 11:00:00,7502.3
2024-12-16 12:00:00,8231.0
2024-12-16 13:00:00,7761.6
2024-12-16 14:00:00,7252.7
2024-12-16 15:00:00,7319.7
2024-12-16 16:00:00,7039.3
2024-12-16 17:00:00,7182.8
2024-12-16 18:00:00,7596.7
2024-12-16 19:00:00,7922.0
2024-12-16 20:00:00,8122.0
2024-12-16 21:00:00,7930.3
2024-12-16 22:00:00,7419.9
2024-12-16 23:00:00,6752.9
2024-12-17 00:00:00,6119.8
2024-12-17 01:00:00,5773.0
2024-12-17 02:00:00,5336.1
2024-12-17 03:00:00,5061.1
2024-12-17 04:00:00,4912.2
2024-12-17 05:00:00,4867.9
2024-12-17 06:00:00,4891.2
2024-12-17 07:00:00,5077.6
2024-12-17 08:00:00,5937.8
2024-12-17 09:00:00,6862.1
2024-12-17 10:00:00,7200.2
2024-12-17 11:00:00,7475.7
2024-12-17 12:00:00,7477.9
2024-12-17 13:00:00,7287.1
2024-12-17 14:00:00,7166.5
2024-12-17 15:00:00,7348.3
2024-12-17 16:00:00,7054.2
2024-12-17 17:00:00,7265.5
2024-12-17 18:00:00,7659.7
2024-12-17 19:00:00,8013.0
2024-12-17 20:00:00,8187.7
2024-12-17 21:00:00,7993.2
2024-12-17 22:00:00,7523.5
2024-12-17 23:00:00,7159.1
2024-12-18 00:00:00,6429.5
2024-12-18 01:00:00,5880.6
2024-12-18 02:00:00,5483.2
2024-12-18 03:00:00,5380.4
2024-12-18 04:00:00,5135.1
2024-12-18 05:00:00,4944.9
2024-12-18 06:00:00,4930.5
2024-12-18 07:00:00,5291.4
2024-12-18 08:00:00,6073.2
2024-12-18 09:00:00,6967.4
2024-12-18 10:00:00,7459.0
2024-12-18 11:00:00,7514.3
2024-12-18 12:00:00,8132.3
2024-12-18 13:00:00,7970.5
2024-12-18 14:00:00,7939.6
2024-12-18 15:00:00,8128.8
2024-12-18 16:00:00,7359.5
2024-12-18 17:00:00,7219.2
2024-12-18 18:00:00,7611.3
2024-12-18 19:00:00,7899.9
2024-12-18 20:00:00,8044.0
2024-12-18 21:00:00,8089.0
2024-12-18 22:00:00,7725.4
2024-12-18 23:00:00,7055.3
2024-12-19 00:00:00,7475.3
2024-12-19 01:00:00,7758.7
2024-12-19 02:00:00,7682.6
2024-12-19 03:00:00,7631.2
2024-12-19 04:00:00,7489.2
2024-12-19 05:00:00,7435.1
2024-12-19 06:00:00,6357.4
2024-12-19 07:00:00,5954.6
2024-12-19 08:00:00,6322.5
2024-12-19 09:00:00,7335.6
2024-12-19 10:00:00,7801.2
2024-12-19 11:00:00,8591.7
2024-12-19 12:00:00,8572.9
2024-12-19 13:00:00,8352.3
2024-12-19 14:00:00,8487.6
2024-12-19 15:00:00,8698.2
2024-12-19 16:00:00,8536.5
2024-12-19 17:00:00,7627.9
2024-12-19 18:00:00,7853.3
2024-12-19 19:00:00,8200.3
2024-12-19 20:00:00,8296.4
2024-12-19 21:00:00,8116.2
2024-12-19 22:00:00,7709.3
2024-12-19 23:00:00,7256.3
2024-12-20 00:00:00,6649.8
2024-12-20 01:00:00,5928.8
2024-12-20 02:00:00,5485.8
2024-12-20 03:00:00,5498.4
2024-12-20 04:00:00,5347.9
2024-12-20 05:00:00,4977.4
2024-12-20 06:00:00,5073.2
2024-12-20 07:00:00,5626.4
2024-12-20 08:00:00,6399.7
2024-12-20 09:00:00,7326.4
2024-12-20 10:00:00,7679.1
2024-12-20 11:00:00,7618.3
2024-12-20 12:00:00,7594.2
2024-12-20 13:00:00,8131.3
2024-12-20 14:00:00,7251.1
2024-12-20 15:00:00,7413.7
2024-12-20 16:00:00,7481.2
2024-12-20 17:00:00,7180.0
2024-12-20 18:00:00,7530.8
2024-12-20 19:00:00,7889.9
2024-12-20 20:00:00,8067.8
2024-12-20 21:00:00,7925.6
2024-12-20 22:00:00,7464.2
2024-12-20 23:00:00,6941.9
2024-12-21 00:00:00,6076.4
2024-12-21 01:00:00,5496.7
2024-12-21 02:00:00,5463.8
2024-12-21 03:00:00,5230.2
2024-12-21 04:00:00,5253.8
2024-12-21 05:00:00,5305.4
2024-12-21 06:00:00,4821.3
2024-12-21 07:00:00,4962.7
2024-12-21 08:00:00,5229.9
2024-12-21 09:00:00,5696.0
2024-12-21 10:00:00,7044.0
2024-12-21 11:00:00,7545.4
2024-12-21 12:00:00,7575.1
2024-12-21 13:00:00,7633.7
2024-12-21 14:00:00,7465.9
2024-12-21 15:00:00,7412.6
2024-12-21 16:00:00,7032.7
2024-12-21 17:00:00,6316.9
2024-12-21 18:00:00,6577.0
2024-12-21 19:00:00,7041.9
2024-12-21 20:00:00,7194.5
2024-12-21 21:00:00,7166.2
2024-12-21 22:00:00,6673.8
2024-12-21 23:00:00,6169.8
2024-12-22 00:00:00,6022.0
2024-12-22 01:00:00,5561.2
2024-12-22 02:00:00,5091.0
2024-12-22 03:00:00,4747.6
2024-12-22 04:00:00,5006.3
2024-12-22 05:00:00,5290.9
2024-12-22 06:00:00,5139.9
2024-12-22 07:00:00,4747.2
2024-12-22 08:00:00,4721.6
2024-12-22 09:00:00,5850.8
2024-12-22 10:00:00,7055.5
2024-12-22 11:00:00,7812.1
2024-12-22 12:00:00,7921.2
2024-12-22 13:00:00,8192.6
2024-12-22 14:00:00,7949.8
2024-12-22 15:00:00,7867.7
2024-12-22 16:00:00,7667.0
2024-12-22 17:00:00,6763.9
2024-12-22 18:00:00,6496.7
2024-12-22 19:00:00,6914.6
2024-12-22 20:00:00,7081.1
2024-12-22 21:00:00,7189.8
2024-12-22 22:00:00,6902.7
2024-12-22 23:00:00,7196.2
2024-12-23 00:00:00,7492.9
2024-12-23 01:00:00,7122.4
2024-12-23 02:00:00,6979.9
2024-12-23 03:00:00,6823.6
2024-12-23 04:00:00,6680.2
2024-12-23 05:00:00,6590.4
2024-12-23 06:00:00,6247.1
2024-12-23 07:00:00,6011.1
2024-12-23 08:00:00,5835.0
2024-12-23 09:00:00,6716.9
2024-12-23 10:00:00,8344.5
2024-12-23 11:00:00,9109.0
2024-12-23 12:00:00,9224.8
2024-12-23 13:00:00,9064.3
2024-12-23 14:00:00,8918.6
2024-12-23 15:00:00,9040.2
2024-12-23 16:00:00,7877.0
2024-12-23 17:00:00,7107.9
2024-12-23 18:00:00,7532.1
2024-12-23 19:00:00,7901.1
2024-12-23 20:00:00,8102.0
2024-12-23 21:00:00,7935.2
2024-12-23 22:00:00,7556.4
2024-12-23 23:00:00,6918.8
2024-12-24 00:00:00,6196.4
2024-12-24 01:00:00,5479.7
2024-12-24 02:00:00,4952.1
2024-12-24 03:00:00,4658.9
2024-12-24 04:00:00,5067.9
2024-12-24 05:00:00,4537.4
2024-12-24 06:00:00,4354.2
2024-12-24 07:00:00,4713.6
2024-12-24 08:00:00,5098.3
2024-12-24 09:00:00,5758.2
2024-12-24 10:00:00,6652.6
2024-12-24 11:00:00,7308.9
2024-12-24 12:00:00,7457.4
2024-12-24 13:00:00,7579.8
2024-12-24 14:00:00,7624.3
2024-12-24 15:00:00,7139.4
2024-12-24 16:00:00,6100.3
2024-12-24 17:00:00,6237.2
2024-12-24 18:00:00,6812.4
2024-12-24 19:00:00,7247.8
2024-12-24 20:00:00,7270.4
2024-12-24 21:00:00,6911.5
2024-12-24 22:00:00,6390.4
2024-12-24 23:00:00,6136.0
2024-12-25 00:00:00,5758.7
2024-12-25 01:00:00,5411.8
2024-12-25 02:00:00,5469.3
2024-12-25 03:00:00,5203.2
2024-12-25 04:00:00,5007.7
2024-12-25 05:00:00,4901.1
2024-12-25 06:00:00,4911.1
2024-12-25 07:00:00,4652.1
2024-12-25 08:00:00,4450.6
2024-12-25 09:00:00,4699.7
2024-12-25 10:00:00,5028.4
2024-12-25 11:00:00,5699.0
2024-12-25 12:00:00,6312.7
2024-12-25 13:00:00,5529.3
2024-12-25 14:00:00,6097.8
2024-12-25 15:00:00,5665.6
2024-12-25 16:00:00,5040.2
2024-12-25 17:00:00,5246.5
2024-12-25 18:00:00,5804.4
2024-12-25 19:00:00,6315.8
2024-12-25 20:00:00,6568.5
2024-12-25 21:00:00,6526.2
2024-12-25 22:00:00,6235.5
2024-12-25 23:00:00,5806.1
2024-12-26 00:00:00,5084.0
2024-12-26 01:00:00,4847.2
2024-12-26 02:00:00,4477.2
2024-12-26 03:00:00,4214.5
2024-12-26 04:00:00,4106.0
2024-12-26 05:00:00,4071.4
2024-12-26 06:00:00,4024.0
2024-12-26 07:00:00,4243.6
2024-12-26 08:00:00,4781.8
2024-12-26 09:00:00,5483.2
2024-12-26 10:00:00,5877.1
2024-12-26 11:00:00,6132.4
2024-12-26 12:00:00,6298.3
2024-12-26 13:00:00,6344.1
2024-12-26 14:00:00,6113.1
2024-12-26 15:00:00,6199.1
2024-12-26 16:00:00,6167.3
2024-12-26 17:00:00,6165.6
2024-12-26 18:00:00,6580.8
2024-12-26 19:00:00,7017.4
2024-12-26 20:00:00,7256.1
2024-12-26 21:00:00,7192.1
2024-12-26 22:00:00,6782.5
2024-12-26 23:00:00,6177.7
2024-12-27 00:00:00,5429.1
2024-12-27 01:00:00,5029.6
2024-12-27 02:00:00,4735.9
2024-12-27 03:00:00,4450.1
2024-12-27 04:00:00,4301.7
2024-12-27 05:00:00,4121.3
2024-12-27 06:00:00,4011.3
2024-12-27 07:00:00,4482.7
2024-12-27 08:00:00,5111.9
2024-12-27 09:00:00,5895.7
2024-12-27 10:00:00,6475.3
2024-12-27 11:00:00,7463.3
2024-12-27 12:00:00,7462.7
2024-12-27 13:00:00,7308.5
2024-12-27 14:00:00,6488.1
2024-12-27 15:00:00,6409.1
2024-12-27 16:00:00,6340.7
2024-12-27 17:00:00,6297.4
2024-12-27 18:00:00,6763.9
2024-12-27 19:00:00,7214.6
2024-12-27 20:00:00,7388.0
2024-12-27 21:00:00,7213.5
2024-12-27 22:00:00,6803.8
2024-12-27 23:00:00,6161.2
2024-12-28 00:00:00,5532.0
2024-12-28 01:00:00,4976.0
2024-12-28 02:00:00,4623.8
2024-12-28 03:00:00,4618.4
2024-12-28 04:00:00,4433.4
2024-12-28 05:00:00,4345.6
2024-12-28 06:00:00,4033.8
2024-12-28 07:00:00,4201.6
2024-12-28 08:00:00,4453.8
2024-12-28 09:00:00,4889.1
2024-12-28 10:00:00,5266.6
2024-12-28 11:00:00,6572.9
2024-12-28 12:00:00,6598.3
2024-12-28 13:00:00,6669.6
2024-12-28 14:00:00,5950.3
2024-12-28 15:00:00,5868.8
2024-12-28 16:00:00,5627.5
2024-12-28 17:00:00,5509.4
2024-12-28 18:00:00,6175.7
2024-12-28 19:00:00,6798.8
2024-12-28 20:00:00,6869.4
2024-12-28 21:00:00,6736.9
2024-12-28 22:00:00,6358.2
2024-12-28 23:00:00,5881.2
2024-12-29 00:00:00,5375.1
2024-12-29 01:00:00,4876.9
2024-12-29 02:00:00,4453.5
2024-12-29 03:00:00,4112.8
2024-12-29 04:00:00,3932.8
2024-12-29 05:00:00,3833.5
2024-12-29 06:00:00,3839.0
2024-12-29 07:00:00,4060.3
2024-12-29 08:00:00,4241.8
2024-12-29 09:00:00,4587.2
2024-12-29 10:00:00,5330.2
2024-12-29 11:00:00,6545.5
2024-12-29 12:00:00,6751.3
2024-12-29 13:00:00,6839.9
2024-12-29 14:00:00,6585.8
2024-12-29 15:00:00,6128.7
2024-12-29 16:00:00,5506.9
2024-12-29 17:00:00,5392.5
2024-12-29 18:00:00,6049.9
2024-12-29 19:00:00,6633.3
2024-12-29 20:00:00,6779.0
2024-12-29 21:00:00,6763.2
2024-12-29 22:00:00,6439.0
2024-12-29 23:00:00,5949.6
2024-12-30 00:00:00,5264.9
2024-12-30 01:00:00,4699.1
2024-12-30 02:00:00,4246.9
2024-12-30 03:00:00,3956.3
2024-12-30 04:00:00,3814.7
2024-12-30 05:00:00,3736.3
2024-12-30 06:00:00,3822.9
2024-12-30 07:00:00,4313.5
2024-12-30 08:00:00,4928.2
2024-12-30 09:00:00,5720.7
2024-12-30 10:00:00,6169.3
2024-12-30 11:00:00,6560.1
2024-12-30 12:00:00,6582.0
2024-12-30 13:00:00,6526.1
2024-12-30 14:00:00,6371.2
2024-12-30 15:00:00,6399.4
2024-12-30 16:00:00,6169.0
2024-12-30 17:00:00,6326.3
2024-12-30 18:00:00,6938.1
2024-12-30 19:00:00,7473.0
2024-12-30 20:00:00,7620.0
2024-12-30 21:00:00,7521.5
2024-12-30 22:00:00,7069.7
2024-12-30 23:00:00,6471.5
2024-12-31 00:00:00,5217.8
2024-12-31 01:00:00,4536.9
2024-12-31 02:00:00,4069.2
2024-12-31 03:00:00,3733.3
2024-12-31 04:00:00,3594.6
2024-12-31 05:00:00,3523.7
2024-12-31 06:00:00,3593.1
2024-12-31 07:00:00,3915.7
2024-12-31 08:00:00,4391.2
2024-12-31 09:00:00,5018.7
2024-12-31 10:00:00,5485.9
2024-12-31 11:00:00,6636.4
2024-12-31 12:00:00,7281.0
2024-12-31 13:00:00,7274.0
2024-12-31 14:00:00,7096.6
2024-12-31 15:00:00,7078.8
2024-12-31 16:00:00,6203.1
2024-12-31 17:00:00,5907.7
2024-12-31 18:00:00,6518.7
2024-12-31 19:00:00,7000.8
2024-12-31 20:00:00,7133.8
2024-12-31 21:00:00,6601.6
2024-12-31 22:00:00,6053.9
2024-12-31 23:00:00,5615.0
